pws_id,entry_id,buyer_state_asgn_id_no,buyer_facility_type,seller_facility_type,seller_state_asgn_id_no,seller_water_system_no,water_system_name
CA0105008,0,1.0,CC,TP,7,CA0110018,SFPUC-PLEASANTON WELLS
CA0110001,0,27.0,CC,,,CA3810001,SAN FRANCISCO REGIONAL WATER SYSTEM
CA0110001,1,41.0,CC,,,CA3810001,SAN FRANCISCO REGIONAL WATER SYSTEM
CA0110003,0,2.0,CC,,,CA0110010,ZONE 7 WATER AGENCY
CA0110003,1,1.0,CC,,,CA0110010,ZONE 7 WATER AGENCY
CA0110005,0,23.0,CC,CC,19,CA0710003,CONTRA COSTA WATER DISTRICT
CA0110006,0,2.0,CC,,,CA3810001,SAN FRANCISCO REGIONAL WATER SYSTEM
CA0110006,1,1.0,CC,,,CA3810001,SAN FRANCISCO REGIONAL WATER SYSTEM
CA0110008,0,5.0,CC,,,CA0110010,ZONE 7 WATER AGENCY
CA0110009,0,4.0,CC,,,CA0110010,ZONE 7 WATER AGENCY
CA0110009,1,3.0,CC,,,CA0110010,ZONE 7 WATER AGENCY
CA0110011,0,3.0,CC,,,CA0110010,ZONE 7 WATER AGENCY
CA0110011,1,2.0,CC,,,CA0110010,ZONE 7 WATER AGENCY
CA0110011,2,1.0,CC,,,CA0110010,ZONE 7 WATER AGENCY
CA0110012,0,1.0,CC,,,CA3810001,SAN FRANCISCO REGIONAL WATER SYSTEM
CA0110016,0,1.0,CC,,,CA0110005,EAST BAY MUD
CA0310001,0,3.0,CC,,,CA0310003,"AWA, SUTTER CREEK"
CA0310004,0,7.0,CC,,,CA0310003,"AWA, SUTTER CREEK"
CA0310005,0,4.0,CC,,,CA0310012,AWA BUCKHORN PLANT
CA0310005,1,2.0,CC,,,CA0310012,AWA BUCKHORN PLANT
CA0310011,0,5.0,CC,,,CA0310012,AWA BUCKHORN PLANT
CA0310018,0,5.0,CC,,,CA0310012,AWA BUCKHORN PLANT
CA0510009,0,8.0,CC,,,CA0510016,CCWD - EBBETTS PASS
CA0510011,0,2.0,CC,,,CA0510016,CCWD - EBBETTS PASS
CA0707603,0,7.0,CC,,,CA0710003,CONTRA COSTA WATER DISTRICT
CA0707901,0,1.0,CC,,,CA0110005,EAST BAY MUD
CA0710001,0,11.0,CC,RS,17,CA0710003,CONTRA COSTA WATER DISTRICT
CA0710001,1,6.0,CC,CC,5,CA0710010,RANDALL-BOLD WATER TREATMENT PLANT
CA0710002,0,7.0,CC,CC,15,CA0710003,CONTRA COSTA WATER DISTRICT
CA0710002,1,8.0,CC,CC,5,CA0710010,RANDALL-BOLD WATER TREATMENT PLANT
CA0710003,0,19.0,CC,CC,23,CA0110005,EAST BAY MUD
CA0710003,1,15.0,CC,CC,5,CA0710010,RANDALL-BOLD WATER TREATMENT PLANT
CA0710004,0,23.0,CC,CC,5,CA0710010,RANDALL-BOLD WATER TREATMENT PLANT
CA0710004,1,28.0,CC,TP,2,CA0710011,CCWD/BRENTWOOD WTP
CA0710006,0,2.0,CC,RS,7,CA0710003,CONTRA COSTA WATER DISTRICT
CA0710007,0,3.0,CC,CC,5,CA0710010,RANDALL-BOLD WATER TREATMENT PLANT
CA0710008,0,4.0,CC,RS,17,CA0710003,CONTRA COSTA WATER DISTRICT
CA0710010,0,1.0,CC,RS,17,CA0710003,CONTRA COSTA WATER DISTRICT
CA0710010,1,5.0,CC,CC,15,CA0710003,CONTRA COSTA WATER DISTRICT
CA0710011,0,1.0,CC,IN,1,CA0710003,CONTRA COSTA WATER DISTRICT
CA0810003,0,1.0,CC,,,CA0810001,CITY OF CRESCENT CITY
CA0910003,0,10.0,CC,,,CA0910001,EL DORADO ID - MAIN
CA0910003,1,9.0,CC,,,CA0910001,EL DORADO ID - MAIN
CA0910003,2,6.0,CC,,,CA0910001,EL DORADO ID - MAIN
CA0910003,3,7.0,CC,,,CA0910001,EL DORADO ID - MAIN
CA0910003,4,8.0,CC,,,CA0910001,EL DORADO ID - MAIN
CA0910003,5,4.0,CC,,,CA0910001,EL DORADO ID - MAIN
CA0910003,6,5.0,CC,,,CA0910001,EL DORADO ID - MAIN
CA0910003,7,3.0,CC,,,CA0910001,EL DORADO ID - MAIN
CA0910015,0,4.0,CC,,,CA0910002,SOUTH TAHOE PUD - MAIN
CA1000004,0,8.0,CC,,,CA1000473,BELMONT COUNTRY CLUB
CA1000005,0,3.0,CC,,,CA1009111,SCE/BIG CREEK POWERHOUSE #1
CA1000054,0,1.0,CC,,,CA1010005,FIREBAUGH CITY
CA1000059,0,4.0,CC,,,CA1010017,FCWWD #41/SHAVER LAKE
CA1000061,0,4.0,CC,,,CA1010017,FCWWD #41/SHAVER LAKE
CA1000116,0,5.0,CC,,,CA1010013,"HUME LAKE CHRISTIAN CAMPS, INC"
CA1000157,0,6.0,CC,WL,9,CA1000156,BSA/CAMP OLJATO
CA1000189,0,2.0,CC,,,CA1010020,LATON COMMUNITY SERVICES DISTRICT
CA1000367,0,2.0,CC,,,CA1010024,CWS - SELMA
CA1000447,0,68.0,CC,,,CA1010001,BAKMAN WATER COMPANY
CA1000471,0,1.0,CC,,,CA1010007,CITY OF FRESNO
CA1000473,0,4.0,CC,,,CA1000004,BELMONT WATER CORPORATION
CA1010339,0,13.0,CC,,,CA1010007,CITY OF FRESNO
CA1210001,0,1.0,CC,,,CA1210013,HUMBOLDT BAY MWD
CA1210002,0,1.0,CC,,,CA1210013,HUMBOLDT BAY MWD
CA1210004,0,2.0,CC,,,CA1210013,HUMBOLDT BAY MWD
CA1210009,0,9.0,CC,,,CA1210013,HUMBOLDT BAY MWD
CA1210016,0,23.0,CC,,,CA1210013,HUMBOLDT BAY MWD
CA1210017,0,1.0,CC,,,CA1210013,HUMBOLDT BAY MWD
CA1210020,0,1.0,CC,,,CA1210013,HUMBOLDT BAY MWD
CA1210021,0,1.0,CC,,,CA1210013,HUMBOLDT BAY MWD
CA1300571,0,1.0,CC,IN,3,CA1310014,IMPERIAL IRRIGATION DISTRICT
CA1300572,0,,,IN,4,CA1310014,IMPERIAL IRRIGATION DISTRICT
CA1310001,0,1.0,CC,IN,2,CA1310014,IMPERIAL IRRIGATION DISTRICT
CA1310002,0,1.0,CC,IN,4,CA1310014,IMPERIAL IRRIGATION DISTRICT
CA1310003,0,1.0,CC,IN,3,CA1310014,IMPERIAL IRRIGATION DISTRICT
CA1310004,0,1.0,CC,IN,2,CA1310014,IMPERIAL IRRIGATION DISTRICT
CA1310004,1,2.0,CC,IN,2,CA1310014,IMPERIAL IRRIGATION DISTRICT
CA1310005,0,1.0,CC,IN,2,CA1310014,IMPERIAL IRRIGATION DISTRICT
CA1310006,0,1.0,CC,IN,2,CA1310014,IMPERIAL IRRIGATION DISTRICT
CA1310007,0,3.0,CC,IN,2,CA1310014,IMPERIAL IRRIGATION DISTRICT
CA1310007,1,1.0,CC,IN,2,CA1310014,IMPERIAL IRRIGATION DISTRICT
CA1310008,0,1.0,CC,IN,1,CA1310014,IMPERIAL IRRIGATION DISTRICT
CA1310013,0,1.0,CC,IN,2,CA1310014,IMPERIAL IRRIGATION DISTRICT
CA1310016,0,1.0,CC,IN,4,CA1310014,IMPERIAL IRRIGATION DISTRICT
CA1310019,0,1.0,CC,IN,4,CA1310014,IMPERIAL IRRIGATION DISTRICT
CA1310301,0,1.0,CC,IN,2,CA1310014,IMPERIAL IRRIGATION DISTRICT
CA1310302,0,1.0,CC,IN,1,CA1310014,IMPERIAL IRRIGATION DISTRICT
CA1310700,0,1.0,CC,IN,2,CA1310014,IMPERIAL IRRIGATION DISTRICT
CA1310800,0,1.0,CC,,,CA1310003,GSWC - CALIPATRIA
CA1310801,0,1.0,CC,IN,1,CA1310014,IMPERIAL IRRIGATION DISTRICT
CA1410006,0,1.0,CC,WL,1,CA1410004,LADWP - BIG PINE
CA1410006,1,2.0,CC,WL,2,CA1410004,LADWP - BIG PINE
CA1410006,2,3.0,CC,WL,3,CA1410004,LADWP - BIG PINE
CA1410008,0,1.0,CC,WL,1,CA1410002,LADWP - INDEPENDENCE
CA1410008,1,2.0,CC,WL,3,CA1410002,LADWP - INDEPENDENCE
CA1410009,0,1.0,CC,WL,1,CA1410003,LADWP - LONE PINE
CA1410009,1,2.0,CC,WL,2,CA1410003,LADWP - LONE PINE
CA1410511,0,1.0,CC,WL,1,CA1410510,LADWP - MANZANAR
CA1500290,0,4.0,CC,,,CA1510053,ANTELOPE VALLEY E KERN WTR AGY-ROSAMOND
CA1500324,0,1.0,CC,,,CA1510014,MOJAVE PUD
CA1500371,0,13.0,NP,,,CA1510020,"TEHACHAPI, CITY OF"
CA1500415,0,3.0,CC,,,CA1500413,TEJON RANCH MAIN HEADQUARTERS
CA1500452,0,2.0,CC,,,CA1510015,OILDALE MWC
CA1500535,0,2.0,CC,,,CA1510029,VAUGHN WC INC
CA1500546,0,4.0,CC,,,CA1510029,VAUGHN WC INC
CA1500584,0,3.0,CC,,,CA1510029,VAUGHN WC INC
CA1502231,0,4.0,CC,,,CA1510018,ROSAMOND CSD
CA1502561,0,,,,,CA1510015,OILDALE MWC
CA1502561,1,5.0,CC,,,CA1510015,OILDALE MWC
CA1502763,0,5.0,NP,,,CA1500491,INTERSTATE 5 UILITY COMPANY
CA1503270,0,1.0,CC,,,CA1510009,ERSKINE CREEK WC
CA1503349,0,4.0,CC,,,CA1510006,EAST NILES CSD
CA1503440,0,,,,,CA1510022,WEST KERN WATER DISTRICT
CA1503440,1,2.0,CC,,,CA1510022,WEST KERN WATER DISTRICT
CA1503440,2,1.0,CC,,,CA1510022,WEST KERN WATER DISTRICT
CA1503558,0,2.0,NP,,,CA1910247,SANTA CLARITA VALLEY W.A.-CASTAIC DIV.
CA1503645,0,1.0,CC,,,CA1510014,MOJAVE PUD
CA1503656,0,1.0,NP,,,CA1510041,NORTH OF THE RIVER MWD
CA1503683,0,1.0,NP,,,CA1510028,MIL POTRERO MWC
CA1510002,0,3.0,CC,,,CA1510053,ANTELOPE VALLEY E KERN WTR AGY-ROSAMOND
CA1510004,0,7.0,CC,,,CA1510003,CWS - BAKERSFIELD
CA1510006,0,12.0,CC,,,CA1510040,KERN COUNTY WATER AGENCY
CA1510014,0,10.0,CC,,,CA1510053,ANTELOPE VALLEY E KERN WTR AGY-ROSAMOND
CA1510015,0,22.0,CC,,,CA1510041,NORTH OF THE RIVER MWD
CA1510018,0,10.0,CC,,,CA1510053,ANTELOPE VALLEY E KERN WTR AGY-ROSAMOND
CA1510027,0,3.0,CC,,,CA1510053,ANTELOPE VALLEY E KERN WTR AGY-ROSAMOND
CA1510031,0,129.0,CC,,,CA1510040,KERN COUNTY WATER AGENCY
CA1510031,1,128.0,CC,,,CA1510055,CWS - NORTH GARDEN
CA1510032,0,10.0,CC,,,CA1510053,ANTELOPE VALLEY E KERN WTR AGY-ROSAMOND
CA1510039,0,17.0,CC,,,CA1510042,MOUNTAIN MESA WC
CA1510042,0,9.0,CC,,,CA1510039,CWS SOUTHLAKE SQUIRREL VALLEY SYSTEM
CA1510055,0,35.0,CC,,,CA1510040,KERN COUNTY WATER AGENCY
CA1510701,0,18.0,CC,,,CA1510053,ANTELOPE VALLEY E KERN WTR AGY-ROSAMOND
CA1510702,0,10.0,CC,,,CA1510053,ANTELOPE VALLEY E KERN WTR AGY-ROSAMOND
CA1700733,0,,,DS,DST,CA1710004,"LAKEPORT, CITY OF"
CA1710002,0,4.0,CC,,,CA1710003,HIGHLANDS MUTUAL WATER COMPANY
CA1710003,0,11.0,CC,,,CA1710006,KONOCTI COUNTY WATER DISTRICT
CA1900035,0,3.0,CC,,,CA1910007,AZUSA LIGHT AND WATER
CA1900046,0,14.0,CC,,,CA1910048,SANTA CLARITA VALLEY W.A.-IMPORTED DIVIS
CA1900102,0,,,,,CA1910045,ANTELOPE VALLEY-EAST KERN WATER AGENCY
CA1900146,0,,,,,CA1910045,ANTELOPE VALLEY-EAST KERN WATER AGENCY
CA1900155,0,5.0,CC,,,CA1910027,LOS ANGELES CWWD 40 REG. 35 - N.E. L.A.
CA1900301,0,10.0,CC,,,CA1910045,ANTELOPE VALLEY-EAST KERN WATER AGENCY
CA1900303,0,1.0,CC,,,CA1900849,LLANO DEL RIO WATER COMPANY
CA1900523,0,4.0,CC,,,CA1910045,ANTELOPE VALLEY-EAST KERN WATER AGENCY
CA1900527,0,2.0,CC,,,CA1900587,USFS CLEAR CREEK
CA1900552,0,1.0,CC,,,CA1900571,USFS-CHILAO MAIN A-9
CA1900715,0,2.0,CC,,,CA1910070,LOS ANGELES CO WW DIST 4 & 34-LANCASTER
CA1900767,0,,,,,CA1900912,GORMAN ELEMENTARY SCHOOL
CA1900803,0,2.0,CC,,,CA1910045,ANTELOPE VALLEY-EAST KERN WATER AGENCY
CA1900809,0,,,,,CA1910045,ANTELOPE VALLEY-EAST KERN WATER AGENCY
CA1900912,0,2.0,CC,,,CA1900767,GOLDEN VALLEY MUNICIPAL WATER DISTRICT
CA1910001,0,19.0,CC,,,CA1910087,METROPOLITAN WATER DIST. OF SO. CAL.
CA1910001,1,108.0,CC,CC,13.0,CA1910144,SAN GABRIEL COUNTY WD
CA1910002,0,4.0,CC,,,CA1910039,SAN GABRIEL VALLEY WATER CO.-EL MONTE
CA1910003,0,24.0,CC,,,CA1910087,METROPOLITAN WATER DIST. OF SO. CAL.
CA1910005,0,7.0,CC,,,CA1910027,LOS ANGELES CWWD 40 REG. 35 - N.E. L.A.
CA1910005,1,5.0,CC,,,CA1910045,ANTELOPE VALLEY-EAST KERN WATER AGENCY
CA1910005,2,4.0,CC,,,CA1910045,ANTELOPE VALLEY-EAST KERN WATER AGENCY
CA1910007,0,44.0,CC,,,CA1910009,VALLEY COUNTY WATER DIST.
CA1910007,1,22.0,CC,,,CA1910087,METROPOLITAN WATER DIST. OF SO. CAL.
CA1910009,0,16.0,CC,,,CA1910087,METROPOLITAN WATER DIST. OF SO. CAL.
CA1910009,1,15.0,CC,,,CA1910128,COVINA IRRIGATING CO.
CA1910011,0,18.0,CC,,,CA1910087,METROPOLITAN WATER DIST. OF SO. CAL.
CA1910012,0,6.0,CC,,,CA1910013,BELLFLOWER - SOMERSET MWC
CA1910013,0,28.0,CC,,,CA1910087,METROPOLITAN WATER DIST. OF SO. CAL.
CA1910017,0,22.0,CC,,,CA1910048,SANTA CLARITA VALLEY W.A.-IMPORTED DIVIS
CA1910017,1,50.0,CC,,,CA1910048,SANTA CLARITA VALLEY W.A.-IMPORTED DIVIS
CA1910017,2,44.0,CC,,,CA1910048,SANTA CLARITA VALLEY W.A.-IMPORTED DIVIS
CA1910017,3,43.0,CC,,,CA1910048,SANTA CLARITA VALLEY W.A.-IMPORTED DIVIS
CA1910017,4,42.0,CC,,,CA1910048,SANTA CLARITA VALLEY W.A.-IMPORTED DIVIS
CA1910017,5,47.0,CC,,,CA1910048,SANTA CLARITA VALLEY W.A.-IMPORTED DIVIS
CA1910017,6,45.0,CC,,,CA1910048,SANTA CLARITA VALLEY W.A.-IMPORTED DIVIS
CA1910017,7,49.0,CC,,,CA1910048,SANTA CLARITA VALLEY W.A.-IMPORTED DIVIS
CA1910017,8,48.0,CC,,,CA1910048,SANTA CLARITA VALLEY W.A.-IMPORTED DIVIS
CA1910017,9,24.0,CC,,,CA1910048,SANTA CLARITA VALLEY W.A.-IMPORTED DIVIS
CA1910017,10,23.0,CC,,,CA1910048,SANTA CLARITA VALLEY W.A.-IMPORTED DIVIS
CA1910017,11,46.0,CC,,,CA1910048,SANTA CLARITA VALLEY W.A.-IMPORTED DIVIS
CA1910017,12,54.0,CC,,,CA1910048,SANTA CLARITA VALLEY W.A.-IMPORTED DIVIS
CA1910018,0,16.0,CC,,,CA1910013,BELLFLOWER - SOMERSET MWC
CA1910018,1,23.0,CC,,,CA1910013,BELLFLOWER - SOMERSET MWC
CA1910018,2,27.0,CC,,,CA1910013,BELLFLOWER - SOMERSET MWC
CA1910018,3,22.0,CC,,,CA1910013,BELLFLOWER - SOMERSET MWC
CA1910018,4,24.0,CC,,,CA1910034,"DOWNEY - CITY, WATER DEPT."
CA1910018,5,26.0,CC,,,CA1910211,LIBERTY UTILITIES - BELLFLOWER-NORWALK
CA1910018,6,25.0,CC,,,CA1910211,LIBERTY UTILITIES - BELLFLOWER-NORWALK
CA1910019,0,4.0,CC,,,CA1910087,METROPOLITAN WATER DIST. OF SO. CAL.
CA1910021,0,12.0,CC,,,CA1910087,METROPOLITAN WATER DIST. OF SO. CAL.
CA1910021,1,13.0,CC,,,CA1910087,METROPOLITAN WATER DIST. OF SO. CAL.
CA1910022,0,4.0,CC,,,CA1910087,METROPOLITAN WATER DIST. OF SO. CAL.
CA1910024,0,38.0,CC,,,CA1910041,THREE VALLEYS MWD
CA1910024,1,36.0,CC,,,CA1910041,THREE VALLEYS MWD
CA1910024,2,35.0,CC,,,CA1910041,THREE VALLEYS MWD
CA1910024,3,37.0,CC,,,CA1910041,THREE VALLEYS MWD
CA1910024,4,67.0,CC,,,CA3610050,"UPLAND, CITY OF"
CA1910025,0,3.0,CC,,,CA1910203,"LOS ANGELES CWWD 40, R24, 27,33-PEARBLSM"
CA1910026,0,18.0,CC,,,CA1910087,METROPOLITAN WATER DIST. OF SO. CAL.
CA1910026,1,16.0,CC,,,CA1910087,METROPOLITAN WATER DIST. OF SO. CAL.
CA1910026,2,17.0,CC,,,CA1910087,METROPOLITAN WATER DIST. OF SO. CAL.
CA1910027,0,4.0,CC,,,CA1910005,LOS ANGELES CO WW DIST 40 REG 38 LAKE LA
CA1910028,0,20.0,CC,,,CA1910032,FOOTHILL MUNICIPAL WATER DIST.
CA1910028,1,19.0,CC,,,CA1910032,FOOTHILL MUNICIPAL WATER DIST.
CA1910028,2,18.0,CC,,,CA1910032,FOOTHILL MUNICIPAL WATER DIST.
CA1910028,3,26.0,CC,,,CA1910087,METROPOLITAN WATER DIST. OF SO. CAL.
CA1910029,0,16.0,CC,,,CA1910039,SAN GABRIEL VALLEY WATER CO.-EL MONTE
CA1910029,1,9.0,CC,,,CA1910039,SAN GABRIEL VALLEY WATER CO.-EL MONTE
CA1910029,2,10.0,CC,,,CA1910039,SAN GABRIEL VALLEY WATER CO.-EL MONTE
CA1910029,3,8.0,CC,,,CA1910060,LA PUENTE VALLEY CWD
CA1910030,0,13.0,CC,,,CA1910087,METROPOLITAN WATER DIST. OF SO. CAL.
CA1910030,1,11.0,CC,,,CA1910087,METROPOLITAN WATER DIST. OF SO. CAL.
CA1910030,2,12.0,CC,,,CA1910087,METROPOLITAN WATER DIST. OF SO. CAL.
CA1910032,0,1.0,CC,,,CA1910087,METROPOLITAN WATER DIST. OF SO. CAL.
CA1910033,0,35.0,CC,,,CA1910087,METROPOLITAN WATER DIST. OF SO. CAL.
CA1910033,1,49.0,CC,,,CA1910087,METROPOLITAN WATER DIST. OF SO. CAL.
CA1910033,2,29.0,CC,,,CA1910087,METROPOLITAN WATER DIST. OF SO. CAL.
CA1910033,3,34.0,CC,,,CA1910087,METROPOLITAN WATER DIST. OF SO. CAL.
CA1910033,4,32.0,CC,,,CA1910087,METROPOLITAN WATER DIST. OF SO. CAL.
CA1910033,5,31.0,CC,,,CA1910087,METROPOLITAN WATER DIST. OF SO. CAL.
CA1910033,6,30.0,CC,,,CA1910087,METROPOLITAN WATER DIST. OF SO. CAL.
CA1910033,7,33.0,CC,,,CA1910087,METROPOLITAN WATER DIST. OF SO. CAL.
CA1910034,0,36.0,CC,,,CA1910087,METROPOLITAN WATER DIST. OF SO. CAL.
CA1910034,1,34.0,CC,,,CA1910087,METROPOLITAN WATER DIST. OF SO. CAL.
CA1910034,2,35.0,CC,,,CA1910087,METROPOLITAN WATER DIST. OF SO. CAL.
CA1910036,0,38.0,CC,,,CA1910087,METROPOLITAN WATER DIST. OF SO. CAL.
CA1910036,1,36.0,CC,,,CA1910087,METROPOLITAN WATER DIST. OF SO. CAL.
CA1910036,2,37.0,CC,,,CA1910087,METROPOLITAN WATER DIST. OF SO. CAL.
CA1910038,0,17.0,CC,,,CA1910039,SAN GABRIEL VALLEY WATER CO.-EL MONTE
CA1910038,1,23.0,CC,,,CA1910052,CAL/AM WATER COMPANY - BALDWIN HILLS
CA1910038,2,24.0,CC,,,CA1910223,GSWC-SOUTH SAN GABRIEL
CA1910040,0,3.0,CC,,,CA1910087,METROPOLITAN WATER DIST. OF SO. CAL.
CA1910040,1,4.0,CC,,,CA1910087,METROPOLITAN WATER DIST. OF SO. CAL.
CA1910042,0,29.0,CC,,,CA1910253,CENTRAL BASIN MWD
CA1910043,0,23.0,CC,,,CA1910087,METROPOLITAN WATER DIST. OF SO. CAL.
CA1910043,1,21.0,CC,,,CA1910087,METROPOLITAN WATER DIST. OF SO. CAL.
CA1910043,2,22.0,CC,,,CA1910087,METROPOLITAN WATER DIST. OF SO. CAL.
CA1910043,3,17.0,CC,TP,20.0,CA1910087,METROPOLITAN WATER DIST. OF SO. CAL.
CA1910044,0,18.0,CC,,,CA1910087,METROPOLITAN WATER DIST. OF SO. CAL.
CA1910044,1,17.0,CC,,,CA1910087,METROPOLITAN WATER DIST. OF SO. CAL.
CA1910044,2,16.0,CC,,,CA1910087,METROPOLITAN WATER DIST. OF SO. CAL.
CA1910046,0,1.0,CC,,,CA1910128,COVINA IRRIGATING CO.
CA1910047,0,6.0,CC,,,CA1910087,METROPOLITAN WATER DIST. OF SO. CAL.
CA1910047,1,5.0,CC,,,CA1910087,METROPOLITAN WATER DIST. OF SO. CAL.
CA1910049,0,11.0,CC,,,CA1910087,METROPOLITAN WATER DIST. OF SO. CAL.
CA1910050,0,9.0,CC,,,CA1910087,METROPOLITAN WATER DIST. OF SO. CAL.
CA1910051,0,17.0,CC,,,CA1910087,METROPOLITAN WATER DIST. OF SO. CAL.
CA1910051,1,16.0,CC,,,CA1910087,METROPOLITAN WATER DIST. OF SO. CAL.
CA1910052,0,7.0,CC,,,CA1910087,METROPOLITAN WATER DIST. OF SO. CAL.
CA1910052,1,9.0,CC,,,CA1910087,METROPOLITAN WATER DIST. OF SO. CAL.
CA1910054,0,5.0,CC,,,CA1910032,FOOTHILL MUNICIPAL WATER DIST.
CA1910056,0,6.0,CC,,,CA1910045,ANTELOPE VALLEY-EAST KERN WATER AGENCY
CA1910056,1,4.0,CC,,,CA1910045,ANTELOPE VALLEY-EAST KERN WATER AGENCY
CA1910059,0,14.0,CC,,,CA1910087,METROPOLITAN WATER DIST. OF SO. CAL.
CA1910060,0,12.0,CC,,,CA1910029,CITY OF INDUSTRY WATERWORKS SYSTEMS
CA1910060,1,33.0,CC,,,CA1910029,CITY OF INDUSTRY WATERWORKS SYSTEMS
CA1910060,2,34.0,CC,,,CA1910029,CITY OF INDUSTRY WATERWORKS SYSTEMS
CA1910060,3,35.0,CC,,,CA1910029,CITY OF INDUSTRY WATERWORKS SYSTEMS
CA1910060,4,36.0,CC,,,CA1910029,CITY OF INDUSTRY WATERWORKS SYSTEMS
CA1910060,5,18.0,CC,,,CA1910144,SAN GABRIEL COUNTY WD
CA1910060,6,15.0,CC,,,CA1910144,SAN GABRIEL COUNTY WD
CA1910060,7,14.0,CC,,,CA1910194,ROWLAND WATER DISTRICT
CA1910060,8,11.0,CC,,,CA1910200,SUBURBAN WATER SYSTEMS-COVINA KNOLLS
CA1910061,0,5.0,CC,,,CA1910032,FOOTHILL MUNICIPAL WATER DIST.
CA1910062,0,31.0,CC,,,CA1910041,THREE VALLEYS MWD
CA1910062,1,38.0,CC,,,CA1910041,THREE VALLEYS MWD
CA1910062,2,33.0,CC,,,CA1910041,THREE VALLEYS MWD
CA1910062,3,34.0,CC,,,CA1910041,THREE VALLEYS MWD
CA1910062,4,35.0,CC,,,CA1910041,THREE VALLEYS MWD
CA1910062,5,36.0,CC,,,CA1910041,THREE VALLEYS MWD
CA1910062,6,37.0,CC,,,CA1910041,THREE VALLEYS MWD
CA1910062,7,30.0,CC,,,CA1910087,METROPOLITAN WATER DIST. OF SO. CAL.
CA1910063,0,9.0,CC,,,CA1910032,FOOTHILL MUNICIPAL WATER DIST.
CA1910064,0,16.0,CC,,,CA1910102,PALMDALE WATER DIST.
CA1910065,0,48.0,CC,,,CA1910087,METROPOLITAN WATER DIST. OF SO. CAL.
CA1910065,1,47.0,CC,,,CA1910087,METROPOLITAN WATER DIST. OF SO. CAL.
CA1910065,2,46.0,CC,,,CA1910087,METROPOLITAN WATER DIST. OF SO. CAL.
CA1910065,3,49.0,CC,,,CA1910087,METROPOLITAN WATER DIST. OF SO. CAL.
CA1910065,4,50.0,CC,,,CA1910087,METROPOLITAN WATER DIST. OF SO. CAL.
CA1910065,5,52.0,CC,,,CA1910087,METROPOLITAN WATER DIST. OF SO. CAL.
CA1910065,6,45.0,CC,,,CA1910087,METROPOLITAN WATER DIST. OF SO. CAL.
CA1910065,7,64.0,CC,,,CA1910239,"LAKEWOOD - CITY, WATER DEPT."
CA1910067,0,203.0,CC,,,CA1910087,METROPOLITAN WATER DIST. OF SO. CAL.
CA1910067,1,239.0,CC,,,CA1910087,METROPOLITAN WATER DIST. OF SO. CAL.
CA1910067,2,243.0,CC,,,CA1910087,METROPOLITAN WATER DIST. OF SO. CAL.
CA1910067,3,201.0,CC,,,CA1910087,METROPOLITAN WATER DIST. OF SO. CAL.
CA1910067,4,202.0,CC,,,CA1910087,METROPOLITAN WATER DIST. OF SO. CAL.
CA1910067,5,236.0,CC,,,CA1910087,METROPOLITAN WATER DIST. OF SO. CAL.
CA1910067,6,237.0,CC,,,CA1910087,METROPOLITAN WATER DIST. OF SO. CAL.
CA1910067,7,238.0,CC,,,CA1910087,METROPOLITAN WATER DIST. OF SO. CAL.
CA1910067,8,207.0,CC,,,CA1910087,METROPOLITAN WATER DIST. OF SO. CAL.
CA1910067,9,240.0,CC,,,CA1910087,METROPOLITAN WATER DIST. OF SO. CAL.
CA1910067,10,230.0,CC,,,CA1910087,METROPOLITAN WATER DIST. OF SO. CAL.
CA1910067,11,242.0,CC,,,CA1910087,METROPOLITAN WATER DIST. OF SO. CAL.
CA1910067,12,235.0,CC,,,CA1910087,METROPOLITAN WATER DIST. OF SO. CAL.
CA1910067,13,241.0,CC,,,CA1910087,METROPOLITAN WATER DIST. OF SO. CAL.
CA1910067,14,195.0,CC,,,CA1910087,METROPOLITAN WATER DIST. OF SO. CAL.
CA1910067,15,232.0,CC,,,CA1910087,METROPOLITAN WATER DIST. OF SO. CAL.
CA1910067,16,199.0,CC,,,CA1910087,METROPOLITAN WATER DIST. OF SO. CAL.
CA1910067,17,227.0,CC,,,CA1910087,METROPOLITAN WATER DIST. OF SO. CAL.
CA1910067,18,229.0,CC,,,CA1910087,METROPOLITAN WATER DIST. OF SO. CAL.
CA1910067,19,231.0,CC,,,CA1910087,METROPOLITAN WATER DIST. OF SO. CAL.
CA1910067,20,233.0,CC,,,CA1910087,METROPOLITAN WATER DIST. OF SO. CAL.
CA1910067,21,234.0,CC,,,CA1910087,METROPOLITAN WATER DIST. OF SO. CAL.
CA1910067,22,197.0,CC,,,CA1910087,METROPOLITAN WATER DIST. OF SO. CAL.
CA1910067,23,198.0,CC,,,CA1910087,METROPOLITAN WATER DIST. OF SO. CAL.
CA1910067,24,200.0,CC,,,CA1910087,METROPOLITAN WATER DIST. OF SO. CAL.
CA1910067,25,196.0,CC,,,CA1910087,METROPOLITAN WATER DIST. OF SO. CAL.
CA1910067,26,228.0,CC,,,CA1910087,METROPOLITAN WATER DIST. OF SO. CAL.
CA1910070,0,121.0,CC,,,CA1910045,ANTELOPE VALLEY-EAST KERN WATER AGENCY
CA1910070,1,72.0,CC,,,CA1910045,ANTELOPE VALLEY-EAST KERN WATER AGENCY
CA1910070,2,118.0,CC,,,CA1910045,ANTELOPE VALLEY-EAST KERN WATER AGENCY
CA1910070,3,120.0,CC,,,CA1910045,ANTELOPE VALLEY-EAST KERN WATER AGENCY
CA1910070,4,119.0,CC,,,CA1910045,ANTELOPE VALLEY-EAST KERN WATER AGENCY
CA1910070,5,117.0,CC,,,CA1910045,ANTELOPE VALLEY-EAST KERN WATER AGENCY
CA1910070,6,116.0,CC,,,CA1910045,ANTELOPE VALLEY-EAST KERN WATER AGENCY
CA1910070,7,114.0,CC,,,CA1910045,ANTELOPE VALLEY-EAST KERN WATER AGENCY
CA1910070,8,115.0,CC,,,CA1910045,ANTELOPE VALLEY-EAST KERN WATER AGENCY
CA1910072,0,4.0,CC,,,CA1910087,METROPOLITAN WATER DIST. OF SO. CAL.
CA1910073,0,5.0,CC,,,CA1910087,METROPOLITAN WATER DIST. OF SO. CAL.
CA1910073,1,4.0,CC,,,CA1910087,METROPOLITAN WATER DIST. OF SO. CAL.
CA1910075,0,5.0,CC,,,CA1910067,"LOS ANGELES-CITY, DEPT. OF WATER & POWER"
CA1910077,0,13.0,CC,,,CA1910087,METROPOLITAN WATER DIST. OF SO. CAL.
CA1910077,1,12.0,CC,,,CA1910087,METROPOLITAN WATER DIST. OF SO. CAL.
CA1910077,2,11.0,CC,,,CA1910087,METROPOLITAN WATER DIST. OF SO. CAL.
CA1910079,0,18.0,CC,,,CA1910087,METROPOLITAN WATER DIST. OF SO. CAL.
CA1910083,0,5.0,CC,,,CA1910087,METROPOLITAN WATER DIST. OF SO. CAL.
CA1910084,0,4.0,CC,,,CA1910087,METROPOLITAN WATER DIST. OF SO. CAL.
CA1910085,0,6.0,CC,,,CA1910087,METROPOLITAN WATER DIST. OF SO. CAL.
CA1910086,0,5.0,CC,,,CA1910087,METROPOLITAN WATER DIST. OF SO. CAL.
CA1910090,0,7.0,CC,,,CA1910087,METROPOLITAN WATER DIST. OF SO. CAL.
CA1910092,0,82.0,CC,,,CA1910039,SAN GABRIEL VALLEY WATER CO.-EL MONTE
CA1910096,0,8.0,CC,,,CA1910048,SANTA CLARITA VALLEY W.A.-IMPORTED DIVIS
CA1910098,0,13.0,CC,,,CA1910087,METROPOLITAN WATER DIST. OF SO. CAL.
CA1910098,1,12.0,CC,,,CA1910087,METROPOLITAN WATER DIST. OF SO. CAL.
CA1910101,0,2.0,CC,,,CA1910087,METROPOLITAN WATER DIST. OF SO. CAL.
CA1910101,1,1.0,CC,,,CA1910218,LA HABRA HEIGHTS CWD
CA1910103,0,6.0,CC,,,CA1910045,ANTELOPE VALLEY-EAST KERN WATER AGENCY
CA1910103,1,5.0,CC,,,CA1910045,ANTELOPE VALLEY-EAST KERN WATER AGENCY
CA1910103,2,11.0,CC,,,CA1910045,ANTELOPE VALLEY-EAST KERN WATER AGENCY
CA1910103,3,12.0,CC,,,CA1910130,QUARTZ HILL WATER DIST.
CA1910104,0,4.0,CC,,,CA1910087,METROPOLITAN WATER DIST. OF SO. CAL.
CA1910104,1,3.0,CC,,,CA1910087,METROPOLITAN WATER DIST. OF SO. CAL.
CA1910104,2,1.0,CC,,,CA1910087,METROPOLITAN WATER DIST. OF SO. CAL.
CA1910104,3,2.0,CC,,,CA1910087,METROPOLITAN WATER DIST. OF SO. CAL.
CA1910105,0,21.0,CC,,,CA1910087,METROPOLITAN WATER DIST. OF SO. CAL.
CA1910105,1,20.0,CC,,,CA1910087,METROPOLITAN WATER DIST. OF SO. CAL.
CA1910108,0,3.0,CC,,,CA1910087,METROPOLITAN WATER DIST. OF SO. CAL.
CA1910117,0,10.0,CC,,,CA1910039,SAN GABRIEL VALLEY WATER CO.-EL MONTE
CA1910117,1,8.0,CC,,,CA1910087,METROPOLITAN WATER DIST. OF SO. CAL.
CA1910117,2,7.0,CC,,,CA1910087,METROPOLITAN WATER DIST. OF SO. CAL.
CA1910124,0,37.0,CC,,,CA1910087,METROPOLITAN WATER DIST. OF SO. CAL.
CA1910124,1,36.0,CC,,,CA1910087,METROPOLITAN WATER DIST. OF SO. CAL.
CA1910124,2,35.0,CC,,,CA1910087,METROPOLITAN WATER DIST. OF SO. CAL.
CA1910124,3,34.0,CC,,,CA1910087,METROPOLITAN WATER DIST. OF SO. CAL.
CA1910124,4,33.0,CC,,,CA1910087,METROPOLITAN WATER DIST. OF SO. CAL.
CA1910126,0,68.0,CC,,,CA1910041,THREE VALLEYS MWD
CA1910126,1,62.0,CC,,,CA1910087,METROPOLITAN WATER DIST. OF SO. CAL.
CA1910126,2,60.0,CC,,,CA1910087,METROPOLITAN WATER DIST. OF SO. CAL.
CA1910126,3,61.0,CC,,,CA1910087,METROPOLITAN WATER DIST. OF SO. CAL.
CA1910127,0,4.0,CC,,,CA1910128,COVINA IRRIGATING CO.
CA1910130,0,8.0,CC,,,CA1910045,ANTELOPE VALLEY-EAST KERN WATER AGENCY
CA1910130,1,7.0,CC,,,CA1910045,ANTELOPE VALLEY-EAST KERN WATER AGENCY
CA1910134,0,14.0,CC,,,CA1910087,METROPOLITAN WATER DIST. OF SO. CAL.
CA1910134,1,11.0,CC,,,CA1910087,METROPOLITAN WATER DIST. OF SO. CAL.
CA1910134,2,10.0,CC,,,CA1910087,METROPOLITAN WATER DIST. OF SO. CAL.
CA1910134,3,13.0,CC,,,CA1910087,METROPOLITAN WATER DIST. OF SO. CAL.
CA1910134,4,8.0,CC,,,CA1910087,METROPOLITAN WATER DIST. OF SO. CAL.
CA1910139,0,30.0,CC,,,CA1910087,METROPOLITAN WATER DIST. OF SO. CAL.
CA1910140,0,14.0,CC,,,CA1910032,FOOTHILL MUNICIPAL WATER DIST.
CA1910142,0,27.0,CC,,,CA1910041,THREE VALLEYS MWD
CA1910142,1,24.0,CC,,,CA1910041,THREE VALLEYS MWD
CA1910142,2,23.0,CC,,,CA1910041,THREE VALLEYS MWD
CA1910142,3,25.0,CC,,,CA1910128,COVINA IRRIGATING CO.
CA1910143,0,6.0,CC,,,CA1910087,METROPOLITAN WATER DIST. OF SO. CAL.
CA1910144,0,13.0,CC,,,CA1910001,CITY OF ALHAMBRA
CA1910144,1,14.0,CC,,,CA1910139,CAL/AM WATER COMPANY - SAN MARINO
CA1910146,0,25.0,CC,,,CA1910087,METROPOLITAN WATER DIST. OF SO. CAL.
CA1910146,1,24.0,CC,,,CA1910087,METROPOLITAN WATER DIST. OF SO. CAL.
CA1910149,0,7.0,CC,,,CA1910087,METROPOLITAN WATER DIST. OF SO. CAL.
CA1910152,0,25.0,CC,,,CA1910087,METROPOLITAN WATER DIST. OF SO. CAL.
CA1910152,1,23.0,CC,,,CA1910087,METROPOLITAN WATER DIST. OF SO. CAL.
CA1910154,0,9.0,CC,,,CA1910087,METROPOLITAN WATER DIST. OF SO. CAL.
CA1910154,1,16.0,CC,,,CA1910124,"PASADENA-CITY, WATER DEPT."
CA1910155,0,65.0,CC,,,CA1910087,METROPOLITAN WATER DIST. OF SO. CAL.
CA1910155,1,35.0,CC,,,CA1910087,METROPOLITAN WATER DIST. OF SO. CAL.
CA1910155,2,27.0,CC,,,CA1910087,METROPOLITAN WATER DIST. OF SO. CAL.
CA1910155,3,25.0,CC,,,CA1910087,METROPOLITAN WATER DIST. OF SO. CAL.
CA1910155,4,32.0,CC,,,CA1910087,METROPOLITAN WATER DIST. OF SO. CAL.
CA1910155,5,34.0,CC,,,CA1910087,METROPOLITAN WATER DIST. OF SO. CAL.
CA1910155,6,29.0,CC,,,CA1910087,METROPOLITAN WATER DIST. OF SO. CAL.
CA1910155,7,28.0,CC,,,CA1910087,METROPOLITAN WATER DIST. OF SO. CAL.
CA1910155,8,24.0,CC,,,CA1910087,METROPOLITAN WATER DIST. OF SO. CAL.
CA1910155,9,23.0,CC,,,CA1910087,METROPOLITAN WATER DIST. OF SO. CAL.
CA1910155,10,33.0,CC,,,CA1910087,METROPOLITAN WATER DIST. OF SO. CAL.
CA1910155,11,31.0,CC,,,CA1910087,METROPOLITAN WATER DIST. OF SO. CAL.
CA1910155,12,30.0,CC,,,CA1910087,METROPOLITAN WATER DIST. OF SO. CAL.
CA1910155,13,26.0,CC,,,CA1910087,METROPOLITAN WATER DIST. OF SO. CAL.
CA1910156,0,11.0,CC,,,CA1910087,METROPOLITAN WATER DIST. OF SO. CAL.
CA1910156,1,10.0,CC,,,CA1910087,METROPOLITAN WATER DIST. OF SO. CAL.
CA1910160,0,4.0,CC,,,CA1910087,METROPOLITAN WATER DIST. OF SO. CAL.
CA1910161,0,15.0,CC,,,CA1910087,METROPOLITAN WATER DIST. OF SO. CAL.
CA1910163,0,8.0,CC,,,CA1910087,METROPOLITAN WATER DIST. OF SO. CAL.
CA1910163,1,9.0,CC,,,CA1910128,COVINA IRRIGATING CO.
CA1910166,0,13.0,CC,,,CA1910032,FOOTHILL MUNICIPAL WATER DIST.
CA1910167,0,15.0,CC,,,CA1910087,METROPOLITAN WATER DIST. OF SO. CAL.
CA1910169,0,5.0,CC,,,CA1910087,METROPOLITAN WATER DIST. OF SO. CAL.
CA1910173,0,22.0,CC,,,CA1910253,CENTRAL BASIN MWD
CA1910174,0,15.0,CC,,,CA1910087,METROPOLITAN WATER DIST. OF SO. CAL.
CA1910174,1,29.0,CC,,,CA1910173,"WHITTIER-CITY, WATER DEPT."
CA1910174,2,28.0,CC,,,CA1910173,"WHITTIER-CITY, WATER DEPT."
CA1910174,3,24.0,CC,,,CA1910199,CALIFORNIA DOMESTIC WATER COMPANY
CA1910174,4,22.0,CC,,,CA1910199,CALIFORNIA DOMESTIC WATER COMPANY
CA1910174,5,23.0,CC,,,CA1910199,CALIFORNIA DOMESTIC WATER COMPANY
CA1910174,6,27.0,CC,,,CA1910218,LA HABRA HEIGHTS CWD
CA1910174,7,25.0,CC,,,CA1910218,LA HABRA HEIGHTS CWD
CA1910174,8,26.0,CC,,,CA1910218,LA HABRA HEIGHTS CWD
CA1910179,0,70.0,CC,TP,5.0,CA1910087,METROPOLITAN WATER DIST. OF SO. CAL.
CA1910179,1,69.0,CC,,,CA1910087,METROPOLITAN WATER DIST. OF SO. CAL.
CA1910179,2,66.0,CC,,,CA1910087,METROPOLITAN WATER DIST. OF SO. CAL.
CA1910179,3,67.0,CC,,,CA1910087,METROPOLITAN WATER DIST. OF SO. CAL.
CA1910179,4,68.0,CC,,,CA1910087,METROPOLITAN WATER DIST. OF SO. CAL.
CA1910179,5,52.0,CC,TP,5.0,CA1910087,METROPOLITAN WATER DIST. OF SO. CAL.
CA1910185,0,11.0,CC,,,CA1910048,SANTA CLARITA VALLEY W.A.-IMPORTED DIVIS
CA1910189,0,4.0,CC,,,CA1910039,SAN GABRIEL VALLEY WATER CO.-EL MONTE
CA1910189,1,3.0,CC,,,CA1910087,METROPOLITAN WATER DIST. OF SO. CAL.
CA1910191,0,9.0,CC,,,CA1910087,METROPOLITAN WATER DIST. OF SO. CAL.
CA1910194,0,1.0,CC,,,CA1910041,THREE VALLEYS MWD
CA1910194,1,3.0,CC,,,CA1910087,METROPOLITAN WATER DIST. OF SO. CAL.
CA1910194,2,2.0,CC,,,CA1910087,METROPOLITAN WATER DIST. OF SO. CAL.
CA1910194,3,4.0,CC,TP,1.0,CA1910218,LA HABRA HEIGHTS CWD
CA1910194,4,5.0,CC,TP,1.0,CA1910218,LA HABRA HEIGHTS CWD
CA1910200,0,2.0,CC,,,CA1910128,COVINA IRRIGATING CO.
CA1910203,0,17.0,CC,,,CA1910025,LOS ANGELES CWWD 40 REG. 39-ROCK CREEK
CA1910203,1,13.0,CC,,,CA1910045,ANTELOPE VALLEY-EAST KERN WATER AGENCY
CA1910203,2,12.0,CC,,,CA1910045,ANTELOPE VALLEY-EAST KERN WATER AGENCY
CA1910204,0,2.0,CC,,,CA1910067,"LOS ANGELES-CITY, DEPT. OF WATER & POWER"
CA1910204,1,1.0,CC,,,CA1910087,METROPOLITAN WATER DIST. OF SO. CAL.
CA1910205,0,71.0,CC,,,CA1910009,VALLEY COUNTY WATER DIST.
CA1910205,1,70.0,CC,,,CA1910060,LA PUENTE VALLEY CWD
CA1910205,2,58.0,CC,,,CA1910087,METROPOLITAN WATER DIST. OF SO. CAL.
CA1910205,3,66.0,CC,,,CA1910126,"POMONA - CITY, WATER DEPT."
CA1910205,4,57.0,CC,,,CA1910128,COVINA IRRIGATING CO.
CA1910205,5,56.0,CC,,,CA1910128,COVINA IRRIGATING CO.
CA1910205,6,69.0,CC,,,CA1910194,ROWLAND WATER DISTRICT
CA1910205,7,68.0,CC,,,CA1910194,ROWLAND WATER DISTRICT
CA1910205,8,67.0,CC,,,CA1910194,ROWLAND WATER DISTRICT
CA1910211,0,33.0,CC,,,CA1910013,BELLFLOWER - SOMERSET MWC
CA1910211,1,36.0,CC,,,CA1910087,METROPOLITAN WATER DIST. OF SO. CAL.
CA1910211,2,34.0,CC,,,CA1910087,METROPOLITAN WATER DIST. OF SO. CAL.
CA1910211,3,35.0,CC,,,CA1910087,METROPOLITAN WATER DIST. OF SO. CAL.
CA1910212,0,42.0,CC,,,CA1910003,CITY OF ARCADIA
CA1910213,0,7.0,CC,,,CA1910087,METROPOLITAN WATER DIST. OF SO. CAL.
CA1910213,1,12.0,CC,,,CA1910087,METROPOLITAN WATER DIST. OF SO. CAL.
CA1910213,2,15.0,CC,,,CA1910087,METROPOLITAN WATER DIST. OF SO. CAL.
CA1910213,3,14.0,CC,,,CA1910087,METROPOLITAN WATER DIST. OF SO. CAL.
CA1910213,4,13.0,CC,,,CA1910087,METROPOLITAN WATER DIST. OF SO. CAL.
CA1910218,0,8.0,CC,,,CA1910087,METROPOLITAN WATER DIST. OF SO. CAL.
CA1910223,0,36.0,CC,,,CA1910087,METROPOLITAN WATER DIST. OF SO. CAL.
CA1910225,0,3.0,CC,,,CA1910087,METROPOLITAN WATER DIST. OF SO. CAL.
CA1910234,0,2.0,CC,,,CA1910041,THREE VALLEYS MWD
CA1910234,1,4.0,CC,,,CA1910087,METROPOLITAN WATER DIST. OF SO. CAL.
CA1910234,2,1.0,CC,,,CA1910087,METROPOLITAN WATER DIST. OF SO. CAL.
CA1910234,3,3.0,CC,,,CA1910087,METROPOLITAN WATER DIST. OF SO. CAL.
CA1910234,4,5.0,CC,,,CA1910087,METROPOLITAN WATER DIST. OF SO. CAL.
CA1910239,0,21.0,CC,,,CA1910019,"CERRITOS - CITY, WATER DEPT."
CA1910239,1,20.0,CC,,,CA1910087,METROPOLITAN WATER DIST. OF SO. CAL.
CA1910239,2,19.0,CC,,,CA1910087,METROPOLITAN WATER DIST. OF SO. CAL.
CA1910240,0,23.0,CC,,,CA1910048,SANTA CLARITA VALLEY W.A.-IMPORTED DIVIS
CA1910241,0,1.0,CC,,,CA1910032,FOOTHILL MUNICIPAL WATER DIST.
CA1910243,0,5.0,CC,,,CA1910045,ANTELOPE VALLEY-EAST KERN WATER AGENCY
CA1910245,0,11.0,CC,,,CA1910087,METROPOLITAN WATER DIST. OF SO. CAL.
CA1910245,1,15.0,CC,TP,20.0,CA1910087,METROPOLITAN WATER DIST. OF SO. CAL.
CA1910245,2,14.0,CC,TP,20.0,CA1910087,METROPOLITAN WATER DIST. OF SO. CAL.
CA1910247,0,7.0,CC,,,CA1910048,SANTA CLARITA VALLEY W.A.-IMPORTED DIVIS
CA1910248,0,4.0,CC,,,CA1910045,ANTELOPE VALLEY-EAST KERN WATER AGENCY
CA1910249,0,5.0,CC,,,CA1910045,ANTELOPE VALLEY-EAST KERN WATER AGENCY
CA1910250,0,5.0,CC,,,CA1910017,SANTA CLARITA VALLEY W.A.-SANTA CLARITA
CA1910255,0,1.0,CC,,,CA1910048,SANTA CLARITA VALLEY W.A.-IMPORTED DIVIS
CA1910255,1,2.0,CC,,,CA1910240,SANTA CLARITA VALLEY W.A.-VALENCIA DIVIS
CA2000521,0,7.0,CC,,,CA2010007,HILLVIEW WC-OAKHURST/SIERRA LAKES
CA2110002,0,5.0,CC,,,CA4910020,SONOMA COUNTY WATER AGENCY
CA2110003,0,1.0,CC,,,CA4910020,SONOMA COUNTY WATER AGENCY
CA2110350,0,1.0,CC,,,CA2110002,MARIN MUNICIPAL WATER DISTRICT
CA2210937,0,3.0,NP,,,CA2210001,MARIPOSA PUBLIC UTILITY DIST
CA2300507,0,2.0,CC,,,CA2310006,MILLVIEW COUNTY WATER DISTRICT
CA2300507,1,3.0,CC,,,CA2310008,REDWOOD VALLEY COUNTY WATER DISTRICT
CA2300619,0,7.0,CC,DS,DST,CA2300502,ALBION MUTUAL WATER COMPANY
CA2300788,0,1.0,CC,,,CA2300708,RIDGEWOOD WATER SYSTEM
CA2310317,0,,,,,CA2310304,CSP-RUSSIAN GULCH STATE PARK
CA2410305,0,1.0,CC,,,CA2410950,DWR - SAN LUIS DIVISION O&M
CA2810002,0,,,,,CA2810003,"NAPA, CITY OF"
CA2810004,0,14.0,CC,,,CA2810003,"NAPA, CITY OF"
CA2810007,0,5.0,CC,,,CA2810003,"NAPA, CITY OF"
CA2810007,1,1.0,CC,,,CA2810008,VETERANS HOME OF CALIFORNIA
CA3000734,0,,,,,CA3010003,CITY OF BUENA PARK
CA3000734,1,5.0,CC,,,CA3010003,CITY OF BUENA PARK
CA3000734,2,12.0,CC,,,CA3010003,CITY OF BUENA PARK
CA3000734,3,11.0,CC,,,CA3010003,CITY OF BUENA PARK
CA3000734,4,10.0,CC,,,CA3010003,CITY OF BUENA PARK
CA3000734,5,9.0,CC,,,CA3010003,CITY OF BUENA PARK
CA3000734,6,8.0,CC,,,CA3010003,CITY OF BUENA PARK
CA3000734,7,6.0,CC,,,CA3010003,CITY OF BUENA PARK
CA3000734,8,7.0,CC,,,CA3010003,CITY OF BUENA PARK
CA3000980,0,4.0,CC,,,CA1910087,METROPOLITAN WATER DIST. OF SO. CAL.
CA3000980,1,,,,,CA3010101,SANTA MARGARITA WATER DISTRICT
CA3010001,0,52.0,CC,,,CA1910087,METROPOLITAN WATER DIST. OF SO. CAL.
CA3010001,1,69.0,CC,,,CA1910087,METROPOLITAN WATER DIST. OF SO. CAL.
CA3010001,2,64.0,CC,,,CA1910087,METROPOLITAN WATER DIST. OF SO. CAL.
CA3010001,3,71.0,CC,,,CA1910087,METROPOLITAN WATER DIST. OF SO. CAL.
CA3010001,4,70.0,CC,,,CA1910087,METROPOLITAN WATER DIST. OF SO. CAL.
CA3010001,5,67.0,CC,,,CA1910087,METROPOLITAN WATER DIST. OF SO. CAL.
CA3010001,6,66.0,CC,,,CA1910087,METROPOLITAN WATER DIST. OF SO. CAL.
CA3010001,7,65.0,CC,,,CA1910087,METROPOLITAN WATER DIST. OF SO. CAL.
CA3010001,8,68.0,CC,,,CA1910087,METROPOLITAN WATER DIST. OF SO. CAL.
CA3010002,0,2.0,CC,,,CA1910087,METROPOLITAN WATER DIST. OF SO. CAL.
CA3010002,1,5.0,CC,,,CA1910087,METROPOLITAN WATER DIST. OF SO. CAL.
CA3010002,2,4.0,CC,,,CA1910087,METROPOLITAN WATER DIST. OF SO. CAL.
CA3010002,3,3.0,CC,,,CA1910087,METROPOLITAN WATER DIST. OF SO. CAL.
CA3010002,4,1.0,CC,,,CA1910199,CALIFORNIA DOMESTIC WATER COMPANY
CA3010002,5,7.0,CC,,,CA1910199,CALIFORNIA DOMESTIC WATER COMPANY
CA3010002,6,6.0,CC,,,CA1910199,CALIFORNIA DOMESTIC WATER COMPANY
CA3010003,0,24.0,CC,,,CA1910087,METROPOLITAN WATER DIST. OF SO. CAL.
CA3010003,1,21.0,CC,,,CA1910087,METROPOLITAN WATER DIST. OF SO. CAL.
CA3010003,2,22.0,CC,,,CA1910087,METROPOLITAN WATER DIST. OF SO. CAL.
CA3010003,3,23.0,CC,,,CA1910087,METROPOLITAN WATER DIST. OF SO. CAL.
CA3010004,0,13.0,CC,,,CA1910087,METROPOLITAN WATER DIST. OF SO. CAL.
CA3010004,1,30.0,CC,,,CA1910087,METROPOLITAN WATER DIST. OF SO. CAL.
CA3010004,2,33.0,CC,,,CA1910087,METROPOLITAN WATER DIST. OF SO. CAL.
CA3010004,3,32.0,CC,,,CA1910087,METROPOLITAN WATER DIST. OF SO. CAL.
CA3010004,4,31.0,CC,,,CA1910087,METROPOLITAN WATER DIST. OF SO. CAL.
CA3010010,0,27.0,CC,,,CA1910087,METROPOLITAN WATER DIST. OF SO. CAL.
CA3010010,1,30.0,CC,,,CA1910087,METROPOLITAN WATER DIST. OF SO. CAL.
CA3010010,2,22.0,CC,,,CA1910087,METROPOLITAN WATER DIST. OF SO. CAL.
CA3010010,3,23.0,CC,,,CA1910087,METROPOLITAN WATER DIST. OF SO. CAL.
CA3010010,4,24.0,CC,,,CA1910087,METROPOLITAN WATER DIST. OF SO. CAL.
CA3010010,5,25.0,CC,,,CA1910087,METROPOLITAN WATER DIST. OF SO. CAL.
CA3010010,6,26.0,CC,,,CA1910087,METROPOLITAN WATER DIST. OF SO. CAL.
CA3010010,7,28.0,CC,,,CA1910087,METROPOLITAN WATER DIST. OF SO. CAL.
CA3010010,8,29.0,CC,,,CA1910087,METROPOLITAN WATER DIST. OF SO. CAL.
CA3010017,0,3.0,CC,,,CA1910087,METROPOLITAN WATER DIST. OF SO. CAL.
CA3010017,1,2.0,CC,,,CA1910087,METROPOLITAN WATER DIST. OF SO. CAL.
CA3010017,2,1.0,CC,,,CA3010007,MUNICIPAL WATER DISTRICT OC
CA3010018,0,3.0,CC,,,CA1910087,METROPOLITAN WATER DIST. OF SO. CAL.
CA3010018,1,9.0,CC,,,CA1910087,METROPOLITAN WATER DIST. OF SO. CAL.
CA3010018,2,8.0,CC,,,CA1910087,METROPOLITAN WATER DIST. OF SO. CAL.
CA3010018,3,2.0,CC,,,CA1910199,CALIFORNIA DOMESTIC WATER COMPANY
CA3010018,4,16.0,CC,,,CA1910199,CALIFORNIA DOMESTIC WATER COMPANY
CA3010018,5,27.0,CC,,,CA1910199,CALIFORNIA DOMESTIC WATER COMPANY
CA3010018,6,10.0,CC,,,CA1910199,CALIFORNIA DOMESTIC WATER COMPANY
CA3010018,7,11.0,CC,,,CA1910199,CALIFORNIA DOMESTIC WATER COMPANY
CA3010018,8,13.0,CC,,,CA1910199,CALIFORNIA DOMESTIC WATER COMPANY
CA3010018,9,14.0,CC,,,CA1910199,CALIFORNIA DOMESTIC WATER COMPANY
CA3010018,10,22.0,CC,,,CA1910199,CALIFORNIA DOMESTIC WATER COMPANY
CA3010018,11,25.0,CC,,,CA1910199,CALIFORNIA DOMESTIC WATER COMPANY
CA3010018,12,24.0,CC,,,CA1910199,CALIFORNIA DOMESTIC WATER COMPANY
CA3010018,13,20.0,CC,,,CA1910199,CALIFORNIA DOMESTIC WATER COMPANY
CA3010018,14,21.0,CC,,,CA1910199,CALIFORNIA DOMESTIC WATER COMPANY
CA3010018,15,26.0,CC,,,CA1910199,CALIFORNIA DOMESTIC WATER COMPANY
CA3010018,16,18.0,CC,,,CA1910199,CALIFORNIA DOMESTIC WATER COMPANY
CA3010018,17,17.0,CC,,,CA1910199,CALIFORNIA DOMESTIC WATER COMPANY
CA3010018,18,23.0,CC,,,CA1910199,CALIFORNIA DOMESTIC WATER COMPANY
CA3010018,19,12.0,CC,,,CA1910199,CALIFORNIA DOMESTIC WATER COMPANY
CA3010018,20,15.0,CC,,,CA1910199,CALIFORNIA DOMESTIC WATER COMPANY
CA3010018,21,19.0,CC,,,CA1910199,CALIFORNIA DOMESTIC WATER COMPANY
CA3010022,0,32.0,CC,,,CA1910087,METROPOLITAN WATER DIST. OF SO. CAL.
CA3010022,1,30.0,CC,,,CA1910087,METROPOLITAN WATER DIST. OF SO. CAL.
CA3010022,2,31.0,CC,,,CA1910087,METROPOLITAN WATER DIST. OF SO. CAL.
CA3010023,0,1.0,CC,,,CA1910087,METROPOLITAN WATER DIST. OF SO. CAL.
CA3010023,1,11.0,CC,,,CA1910087,METROPOLITAN WATER DIST. OF SO. CAL.
CA3010023,2,9.0,CC,,,CA1910087,METROPOLITAN WATER DIST. OF SO. CAL.
CA3010023,3,10.0,CC,,,CA1910087,METROPOLITAN WATER DIST. OF SO. CAL.
CA3010023,4,7.0,CC,,,CA1910087,METROPOLITAN WATER DIST. OF SO. CAL.
CA3010023,5,8.0,CC,,,CA1910087,METROPOLITAN WATER DIST. OF SO. CAL.
CA3010023,6,12.0,CC,,,CA1910087,METROPOLITAN WATER DIST. OF SO. CAL.
CA3010027,0,30.0,CC,,,CA1910087,METROPOLITAN WATER DIST. OF SO. CAL.
CA3010027,1,26.0,CC,,,CA1910087,METROPOLITAN WATER DIST. OF SO. CAL.
CA3010027,2,27.0,CC,,,CA1910087,METROPOLITAN WATER DIST. OF SO. CAL.
CA3010027,3,28.0,CC,,,CA1910087,METROPOLITAN WATER DIST. OF SO. CAL.
CA3010027,4,29.0,CC,,,CA1910087,METROPOLITAN WATER DIST. OF SO. CAL.
CA3010027,5,33.0,CC,,,CA3010082,SERRANO WATER DISTRICT
CA3010027,6,32.0,CC,,,CA3010082,SERRANO WATER DISTRICT
CA3010027,7,31.0,CC,,,CA3010093,EAST ORANGE COUNTY WD - WZ
CA3010030,0,11.0,CC,,,CA1910087,METROPOLITAN WATER DIST. OF SO. CAL.
CA3010030,1,13.0,CC,,,CA3010071,JOINT REGIONAL WATER SUPPLY SYSTEM
CA3010030,2,12.0,CC,,,CA3010071,JOINT REGIONAL WATER SUPPLY SYSTEM
CA3010030,3,17.0,CC,,,CA3010120,SAN JUAN BASIN AUTHORITY
CA3010030,4,16.0,CC,,,CA3010120,SAN JUAN BASIN AUTHORITY
CA3010035,0,4.0,CC,,,CA1910087,METROPOLITAN WATER DIST. OF SO. CAL.
CA3010035,1,10.0,CC,,,CA1910087,METROPOLITAN WATER DIST. OF SO. CAL.
CA3010035,2,11.0,CC,,,CA1910087,METROPOLITAN WATER DIST. OF SO. CAL.
CA3010035,3,16.0,CC,,,CA1910087,METROPOLITAN WATER DIST. OF SO. CAL.
CA3010035,4,26.0,CC,,,CA1910087,METROPOLITAN WATER DIST. OF SO. CAL.
CA3010036,0,20.0,CC,,,CA1910087,METROPOLITAN WATER DIST. OF SO. CAL.
CA3010036,1,11.0,CC,,,CA1910087,METROPOLITAN WATER DIST. OF SO. CAL.
CA3010036,2,16.0,CC,,,CA1910087,METROPOLITAN WATER DIST. OF SO. CAL.
CA3010036,3,18.0,CC,,,CA1910087,METROPOLITAN WATER DIST. OF SO. CAL.
CA3010036,4,17.0,CC,,,CA1910087,METROPOLITAN WATER DIST. OF SO. CAL.
CA3010036,5,19.0,CC,,,CA1910087,METROPOLITAN WATER DIST. OF SO. CAL.
CA3010036,6,10.0,CC,,,CA1910087,METROPOLITAN WATER DIST. OF SO. CAL.
CA3010036,7,13.0,CC,,,CA1910087,METROPOLITAN WATER DIST. OF SO. CAL.
CA3010036,8,15.0,CC,,,CA1910087,METROPOLITAN WATER DIST. OF SO. CAL.
CA3010036,9,14.0,CC,,,CA1910087,METROPOLITAN WATER DIST. OF SO. CAL.
CA3010036,10,9.0,CC,,,CA1910087,METROPOLITAN WATER DIST. OF SO. CAL.
CA3010036,11,8.0,CC,,,CA1910087,METROPOLITAN WATER DIST. OF SO. CAL.
CA3010036,12,12.0,CC,,,CA1910087,METROPOLITAN WATER DIST. OF SO. CAL.
CA3010036,13,7.0,CC,,,CA1910087,METROPOLITAN WATER DIST. OF SO. CAL.
CA3010037,0,15.0,CC,,,CA1910087,METROPOLITAN WATER DIST. OF SO. CAL.
CA3010037,1,14.0,CC,,,CA1910087,METROPOLITAN WATER DIST. OF SO. CAL.
CA3010037,2,13.0,CC,,,CA1910087,METROPOLITAN WATER DIST. OF SO. CAL.
CA3010038,0,36.0,CC,,,CA1910087,METROPOLITAN WATER DIST. OF SO. CAL.
CA3010038,1,70.0,CC,,,CA1910087,METROPOLITAN WATER DIST. OF SO. CAL.
CA3010038,2,66.0,CC,,,CA1910087,METROPOLITAN WATER DIST. OF SO. CAL.
CA3010038,3,71.0,CC,,,CA1910087,METROPOLITAN WATER DIST. OF SO. CAL.
CA3010038,4,72.0,CC,,,CA1910087,METROPOLITAN WATER DIST. OF SO. CAL.
CA3010038,5,67.0,CC,,,CA1910087,METROPOLITAN WATER DIST. OF SO. CAL.
CA3010038,6,68.0,CC,,,CA1910087,METROPOLITAN WATER DIST. OF SO. CAL.
CA3010038,7,69.0,CC,,,CA1910087,METROPOLITAN WATER DIST. OF SO. CAL.
CA3010041,0,5.0,CC,,,CA1910087,METROPOLITAN WATER DIST. OF SO. CAL.
CA3010042,0,1.0,CC,,,CA1910087,METROPOLITAN WATER DIST. OF SO. CAL.
CA3010042,1,3.0,CC,,,CA1910087,METROPOLITAN WATER DIST. OF SO. CAL.
CA3010042,2,2.0,CC,,,CA1910087,METROPOLITAN WATER DIST. OF SO. CAL.
CA3010046,0,34.0,CC,TP,75.0,CA3010092,IRVINE RANCH WATER DISTRICT
CA3010046,1,28.0,CC,,,CA3010093,EAST ORANGE COUNTY WD - WZ
CA3010046,2,24.0,CC,,,CA3010093,EAST ORANGE COUNTY WD - WZ
CA3010046,3,27.0,CC,,,CA3010093,EAST ORANGE COUNTY WD - WZ
CA3010046,4,25.0,CC,,,CA3010093,EAST ORANGE COUNTY WD - WZ
CA3010046,5,26.0,CC,,,CA3010093,EAST ORANGE COUNTY WD - WZ
CA3010046,6,23.0,CC,,,CA3010093,EAST ORANGE COUNTY WD - WZ
CA3010046,7,35.0,CC,,,CA3010093,EAST ORANGE COUNTY WD - WZ
CA3010047,0,10.0,CC,,,CA3010093,EAST ORANGE COUNTY WD - WZ
CA3010047,1,11.0,CC,,,CA3010093,EAST ORANGE COUNTY WD - WZ
CA3010047,2,7.0,CC,,,CA3010093,EAST ORANGE COUNTY WD - WZ
CA3010047,3,6.0,CC,,,CA3010093,EAST ORANGE COUNTY WD - WZ
CA3010047,4,5.0,CC,,,CA3010093,EAST ORANGE COUNTY WD - WZ
CA3010053,0,29.0,CC,,,CA1910087,METROPOLITAN WATER DIST. OF SO. CAL.
CA3010053,1,27.0,CC,,,CA1910087,METROPOLITAN WATER DIST. OF SO. CAL.
CA3010053,2,28.0,CC,,,CA1910087,METROPOLITAN WATER DIST. OF SO. CAL.
CA3010055,0,4.0,CC,,,CA1910087,METROPOLITAN WATER DIST. OF SO. CAL.
CA3010055,1,9.0,CC,,,CA3010036,CITY OF SAN CLEMENTE
CA3010055,2,8.0,CC,,,CA3010071,JOINT REGIONAL WATER SUPPLY SYSTEM
CA3010055,3,6.0,CC,,,CA3010071,JOINT REGIONAL WATER SUPPLY SYSTEM
CA3010055,4,5.0,CC,,,CA3010071,JOINT REGIONAL WATER SUPPLY SYSTEM
CA3010062,0,38.0,CC,,,CA1910087,METROPOLITAN WATER DIST. OF SO. CAL.
CA3010062,1,58.0,CC,,,CA1910087,METROPOLITAN WATER DIST. OF SO. CAL.
CA3010062,2,56.0,CC,,,CA1910087,METROPOLITAN WATER DIST. OF SO. CAL.
CA3010062,3,57.0,CC,,,CA1910087,METROPOLITAN WATER DIST. OF SO. CAL.
CA3010062,4,55.0,CC,,,CA1910087,METROPOLITAN WATER DIST. OF SO. CAL.
CA3010064,0,34.0,CC,,,CA1910087,METROPOLITAN WATER DIST. OF SO. CAL.
CA3010064,1,33.0,CC,,,CA1910087,METROPOLITAN WATER DIST. OF SO. CAL.
CA3010064,2,32.0,CC,,,CA1910087,METROPOLITAN WATER DIST. OF SO. CAL.
CA3010064,3,31.0,CC,,,CA1910087,METROPOLITAN WATER DIST. OF SO. CAL.
CA3010068,0,5.0,CC,,,CA3010093,EAST ORANGE COUNTY WD - WZ
CA3010068,1,4.0,CC,,,CA3010093,EAST ORANGE COUNTY WD - WZ
CA3010069,0,12.0,CC,,,CA1910087,METROPOLITAN WATER DIST. OF SO. CAL.
CA3010071,0,1.0,CC,,,CA1910087,METROPOLITAN WATER DIST. OF SO. CAL.
CA3010071,1,2.0,CC,,,CA1910087,METROPOLITAN WATER DIST. OF SO. CAL.
CA3010071,2,4.0,CC,,,CA3010055,SOUTH COAST WD - CAPISTRANO BEACH
CA3010071,3,3.0,CC,,,CA3010092,IRVINE RANCH WATER DISTRICT
CA3010073,0,1.0,CC,,,CA1910087,METROPOLITAN WATER DIST. OF SO. CAL.
CA3010073,1,15.0,CC,,,CA1910087,METROPOLITAN WATER DIST. OF SO. CAL.
CA3010073,2,9.0,CC,,,CA3010071,JOINT REGIONAL WATER SUPPLY SYSTEM
CA3010073,3,14.0,CC,,,CA3010071,JOINT REGIONAL WATER SUPPLY SYSTEM
CA3010073,4,3.0,CC,,,CA3010071,JOINT REGIONAL WATER SUPPLY SYSTEM
CA3010073,5,5.0,CC,,,CA3010071,JOINT REGIONAL WATER SUPPLY SYSTEM
CA3010073,6,10.0,CC,,,CA3010071,JOINT REGIONAL WATER SUPPLY SYSTEM
CA3010073,7,2.0,CC,,,CA3010071,JOINT REGIONAL WATER SUPPLY SYSTEM
CA3010073,8,4.0,CC,,,CA3010071,JOINT REGIONAL WATER SUPPLY SYSTEM
CA3010073,9,12.0,CC,,,CA3010071,JOINT REGIONAL WATER SUPPLY SYSTEM
CA3010073,10,6.0,CC,,,CA3010071,JOINT REGIONAL WATER SUPPLY SYSTEM
CA3010073,11,8.0,CC,,,CA3010071,JOINT REGIONAL WATER SUPPLY SYSTEM
CA3010073,12,7.0,CC,,,CA3010071,JOINT REGIONAL WATER SUPPLY SYSTEM
CA3010073,13,13.0,CC,,,CA3010071,JOINT REGIONAL WATER SUPPLY SYSTEM
CA3010073,14,11.0,CC,,,CA3010071,JOINT REGIONAL WATER SUPPLY SYSTEM
CA3010079,0,1.0,CC,,,CA1910087,METROPOLITAN WATER DIST. OF SO. CAL.
CA3010079,1,2.0,CC,,,CA1910087,METROPOLITAN WATER DIST. OF SO. CAL.
CA3010079,2,5.0,CC,,,CA1910087,METROPOLITAN WATER DIST. OF SO. CAL.
CA3010079,3,3.0,CC,,,CA1910087,METROPOLITAN WATER DIST. OF SO. CAL.
CA3010079,4,4.0,CC,,,CA1910087,METROPOLITAN WATER DIST. OF SO. CAL.
CA3010079,5,6.0,CC,,,CA1910087,METROPOLITAN WATER DIST. OF SO. CAL.
CA3010092,0,54.0,CC,,,CA1910087,METROPOLITAN WATER DIST. OF SO. CAL.
CA3010092,1,38.0,CC,,,CA1910087,METROPOLITAN WATER DIST. OF SO. CAL.
CA3010092,2,43.0,CC,,,CA1910087,METROPOLITAN WATER DIST. OF SO. CAL.
CA3010092,3,48.0,CC,,,CA1910087,METROPOLITAN WATER DIST. OF SO. CAL.
CA3010092,4,44.0,CC,,,CA1910087,METROPOLITAN WATER DIST. OF SO. CAL.
CA3010092,5,42.0,CC,,,CA1910087,METROPOLITAN WATER DIST. OF SO. CAL.
CA3010092,6,41.0,CC,,,CA1910087,METROPOLITAN WATER DIST. OF SO. CAL.
CA3010092,7,40.0,CC,,,CA1910087,METROPOLITAN WATER DIST. OF SO. CAL.
CA3010092,8,39.0,CC,,,CA1910087,METROPOLITAN WATER DIST. OF SO. CAL.
CA3010092,9,46.0,CC,,,CA1910087,METROPOLITAN WATER DIST. OF SO. CAL.
CA3010092,10,37.0,CC,,,CA1910087,METROPOLITAN WATER DIST. OF SO. CAL.
CA3010092,11,45.0,CC,,,CA1910087,METROPOLITAN WATER DIST. OF SO. CAL.
CA3010092,12,32.0,CC,,,CA1910087,METROPOLITAN WATER DIST. OF SO. CAL.
CA3010092,13,53.0,CC,,,CA1910087,METROPOLITAN WATER DIST. OF SO. CAL.
CA3010092,14,33.0,CC,,,CA1910087,METROPOLITAN WATER DIST. OF SO. CAL.
CA3010092,15,47.0,CC,,,CA1910087,METROPOLITAN WATER DIST. OF SO. CAL.
CA3010092,16,34.0,CC,,,CA1910087,METROPOLITAN WATER DIST. OF SO. CAL.
CA3010092,17,35.0,CC,,,CA1910087,METROPOLITAN WATER DIST. OF SO. CAL.
CA3010092,18,36.0,CC,,,CA1910087,METROPOLITAN WATER DIST. OF SO. CAL.
CA3010092,19,31.0,CC,,,CA1910087,METROPOLITAN WATER DIST. OF SO. CAL.
CA3010092,20,68.0,CC,,,CA1910087,METROPOLITAN WATER DIST. OF SO. CAL.
CA3010092,21,80.0,CC,,,CA1910087,METROPOLITAN WATER DIST. OF SO. CAL.
CA3010092,22,65.0,CC,,,CA3010093,EAST ORANGE COUNTY WD - WZ
CA3010093,0,2.0,CC,,,CA1910087,METROPOLITAN WATER DIST. OF SO. CAL.
CA3010093,1,6.0,CC,,,CA1910087,METROPOLITAN WATER DIST. OF SO. CAL.
CA3010093,2,5.0,CC,,,CA1910087,METROPOLITAN WATER DIST. OF SO. CAL.
CA3010093,3,4.0,CC,,,CA1910087,METROPOLITAN WATER DIST. OF SO. CAL.
CA3010093,4,3.0,CC,,,CA3010068,EAST ORANGE COUNTY WD - RZ
CA3010094,0,3.0,CC,,,CA1910087,METROPOLITAN WATER DIST. OF SO. CAL.
CA3010094,1,8.0,CC,,,CA1910087,METROPOLITAN WATER DIST. OF SO. CAL.
CA3010094,2,14.0,CC,,,CA1910087,METROPOLITAN WATER DIST. OF SO. CAL.
CA3010094,3,10.0,CC,,,CA3010092,IRVINE RANCH WATER DISTRICT
CA3010094,4,9.0,CC,,,CA3010092,IRVINE RANCH WATER DISTRICT
CA3010094,5,11.0,CC,,,CA3010095,IRWD - SANTIAGO SYSTEM
CA3010100,0,9.0,CC,,,CA1910087,METROPOLITAN WATER DIST. OF SO. CAL.
CA3010101,0,1.0,CC,,,CA1910087,METROPOLITAN WATER DIST. OF SO. CAL.
CA3010101,1,5.0,CC,,,CA1910087,METROPOLITAN WATER DIST. OF SO. CAL.
CA3010101,2,3.0,CC,,,CA1910087,METROPOLITAN WATER DIST. OF SO. CAL.
CA3010101,3,4.0,CC,,,CA1910087,METROPOLITAN WATER DIST. OF SO. CAL.
CA3010101,4,6.0,CC,,,CA3010094,TRABUCO CANYON WATER DISTRICT
CA3110004,0,1.0,CC,,,CA3110025,PLACER CWA - FOOTHILL
CA3110004,1,6.0,CC,,,CA3110025,PLACER CWA - FOOTHILL
CA3110033,0,1.0,CC,,,CA3110025,PLACER CWA - FOOTHILL
CA3110036,0,3.0,CC,,,CA3110010,TAHOE CITY PUD - MAIN
CA3110040,0,3.0,CC,,,CA3110008,CITY OF ROSEVILLE
CA3110041,0,1.0,CC,,,CA3110035,WEIMAR WATER COMPANY
CA3110150,0,1.0,CC,,,CA3110008,CITY OF ROSEVILLE
CA3110150,1,2.0,CC,,,CA3110025,PLACER CWA - FOOTHILL
CA3200107,0,1.0,CC,TP,2,CA3210002,PLUMAS COUNTY FLOOD CONTROL
CA3210003,0,2.0,CC,TP,2.0,CA3210002,PLUMAS COUNTY FLOOD CONTROL
CA3210003,1,1.0,CC,,,CA3210002,PLUMAS COUNTY FLOOD CONTROL
CA3210004,0,12.0,CC,,,CA3210008,EAST QUINCY SERVICES DISTRICT
CA3301031,0,6.0,CC,,,CA3310006,"BANNING, CITY OF"
CA3301075,0,1.0,CC,TM,15,CA1910087,METROPOLITAN WATER DIST. OF SO. CAL.
CA3301735,0,8.0,CC,,,CA3310020,INDIO WATER AUTHORITY
CA3301775,0,3.0,CC,,,CA3310006,"BANNING, CITY OF"
CA3301803,0,8.0,CC,,,CA3310007,COACHELLA WATER AUTHORITY
CA3301879,0,3.0,CC,,,CA3610055,YUCAIPA VALLEY WATER DISTRICT
CA3301937,0,8.0,CC,,,CA3310007,COACHELLA WATER AUTHORITY
CA3301943,0,2.0,CC,,,CA3310002,BEAUMONT CHERRY VALLEY WD
CA3310004,0,3.0,CC,,,CA3310049,WESTERN MWD
CA3310004,1,4.0,CC,,,CA3310049,WESTERN MWD
CA3310005,0,59.0,CC,,,CA3310001,COACHELLA VWD: COVE COMMUNITY
CA3310006,0,29.0,CC,,,CA3310002,BEAUMONT CHERRY VALLEY WD
CA3310009,0,46.0,CC,,,CA1910087,METROPOLITAN WATER DIST. OF SO. CAL.
CA3310009,1,89.0,CC,,,CA1910087,METROPOLITAN WATER DIST. OF SO. CAL.
CA3310009,2,79.0,CC,,,CA1910087,METROPOLITAN WATER DIST. OF SO. CAL.
CA3310009,3,80.0,CC,,,CA1910087,METROPOLITAN WATER DIST. OF SO. CAL.
CA3310012,0,43.0,CC,,,CA3310009,EASTERN MUNICIPAL WD
CA3310012,1,33.0,CC,,,CA3310049,WESTERN MWD
CA3310016,0,15.0,CC,,,CA3310009,EASTERN MUNICIPAL WD
CA3310016,1,23.0,CC,,,CA3310009,EASTERN MUNICIPAL WD
CA3310016,2,38.0,CC,,,CA3310009,EASTERN MUNICIPAL WD
CA3310016,3,22.0,CC,,,CA3310022,LAKE HEMET MWD
CA3310016,4,39.0,CC,,,CA3310022,LAKE HEMET MWD
CA3310017,0,21.0,CC,,,CA3610055,YUCAIPA VALLEY WATER DISTRICT
CA3310018,0,6.0,CC,,,CA3310031,"RIVERSIDE, CITY OF"
CA3310018,1,9.0,CC,,,CA3310037,"CORONA, CITY OF"
CA3310019,0,37.0,CC,,,CA3310030,PINE COVE WATER DISTRICT
CA3310019,1,40.0,CC,,,CA3310040,FERN VALLEY WD
CA3310021,0,42.0,CC,,,CA3310025,"NORCO, CITY OF"
CA3310021,1,31.0,CC,,,CA3310044,RUBIDOUX COMMUNITY SD
CA3310021,2,58.0,CC,DS,DST,CA3310044,RUBIDOUX COMMUNITY SD
CA3310021,3,41.0,CC,,,CA3310083,CHINO BASIN DESALTER AUTH. - DESALTER 2
CA3310021,4,61.0,CC,TP,001,CA3310083,CHINO BASIN DESALTER AUTH. - DESALTER 2
CA3310021,5,30.0,CC,,,CA3610075,CHINO BASIN DESALTER AUTH. - DESALTER 1
CA3310022,0,31.0,CC,,,CA3310009,EASTERN MUNICIPAL WD
CA3310022,1,27.0,CC,,,CA3310009,EASTERN MUNICIPAL WD
CA3310025,0,22.0,CC,,,CA3310021,JURUPA COMMUNITY SD
CA3310025,1,14.0,CC,,,CA3310037,"CORONA, CITY OF"
CA3310025,2,21.0,CC,,,CA3310075,WESTERN MWD (ARLINGTON)
CA3310025,3,20.0,CC,,,CA3310075,WESTERN MWD (ARLINGTON)
CA3310025,4,19.0,CC,DS,DST,CA3310075,WESTERN MWD (ARLINGTON)
CA3310025,5,29.0,CC,TP,001,CA3310083,CHINO BASIN DESALTER AUTH. - DESALTER 2
CA3310025,6,30.0,CC,TP,001,CA3310083,CHINO BASIN DESALTER AUTH. - DESALTER 2
CA3310026,0,9.0,CC,,,CA3310009,EASTERN MUNICIPAL WD
CA3310026,1,10.0,CC,,,CA3310009,EASTERN MUNICIPAL WD
CA3310029,0,2.0,CC,,,CA3310009,EASTERN MUNICIPAL WD
CA3310029,1,3.0,CC,,,CA3310009,EASTERN MUNICIPAL WD
CA3310029,2,4.0,CC,,,CA3310009,EASTERN MUNICIPAL WD
CA3310029,3,5.0,CC,,,CA3310009,EASTERN MUNICIPAL WD
CA3310029,4,6.0,CC,,,CA3310009,EASTERN MUNICIPAL WD
CA3310030,0,30.0,CC,,,CA3310019,IDYLLWILD WATER DISTRICT
CA3310030,1,31.0,CC,,,CA3303010,THOUSAND TRAILS IDYLLWILD - MHC
CA3310031,0,121.0,CC,,,CA3310049,WESTERN MWD
CA3310032,0,13.0,CC,,,CA3310009,EASTERN MUNICIPAL WD
CA3310032,1,11.0,CC,,,CA3310009,EASTERN MUNICIPAL WD
CA3310032,2,12.0,CC,,,CA3310009,EASTERN MUNICIPAL WD
CA3310033,0,14.0,CC,,,CA3310021,JURUPA COMMUNITY SD
CA3310033,1,17.0,CC,,,CA3310021,JURUPA COMMUNITY SD
CA3310033,2,13.0,CC,,,CA3310021,JURUPA COMMUNITY SD
CA3310036,0,7.0,CC,,,CA3310009,EASTERN MUNICIPAL WD
CA3310036,1,15.0,CC,,,CA3310012,ELSINORE VALLEY MWD
CA3310037,0,20.0,CC,,,CA1910087,METROPOLITAN WATER DIST. OF SO. CAL.
CA3310037,1,51.0,CC,,,CA1910087,METROPOLITAN WATER DIST. OF SO. CAL.
CA3310037,2,49.0,CC,TP,013,CA1910087,METROPOLITAN WATER DIST. OF SO. CAL.
CA3310037,3,42.0,CC,,,CA1910087,METROPOLITAN WATER DIST. OF SO. CAL.
CA3310037,4,64.0,CC,DS,DST,CA3310075,WESTERN MWD (ARLINGTON)
CA3310038,0,96.0,CC,,,CA1910087,METROPOLITAN WATER DIST. OF SO. CAL.
CA3310038,1,140.0,CC,,,CA1910087,METROPOLITAN WATER DIST. OF SO. CAL.
CA3310038,2,82.0,CC,,,CA3310009,EASTERN MUNICIPAL WD
CA3310038,3,83.0,CC,,,CA3310049,WESTERN MWD
CA3310038,4,89.0,CC,,,CA3310049,WESTERN MWD
CA3310044,0,18.0,CC,,,CA3310021,JURUPA COMMUNITY SD
CA3310044,1,27.0,CC,DS,DST,CA3310021,JURUPA COMMUNITY SD
CA3310046,0,1.0,CC,,,CA3310012,ELSINORE VALLEY MWD
CA3310049,0,1.0,CC,TP,13.0,CA1910087,METROPOLITAN WATER DIST. OF SO. CAL.
CA3310049,1,4.0,CC,CC,46.0,CA3310009,EASTERN MUNICIPAL WD
CA3310049,2,5.0,CC,CC,46.0,CA3310009,EASTERN MUNICIPAL WD
CA3310049,3,6.0,CC,CC,46.0,CA3310009,EASTERN MUNICIPAL WD
CA3310049,4,2.0,CC,,,CA3310031,"RIVERSIDE, CITY OF"
CA3310049,5,7.0,CC,,,CA3310031,"RIVERSIDE, CITY OF"
CA3310049,6,8.0,CC,,,CA3310031,"RIVERSIDE, CITY OF"
CA3310049,7,9.0,CC,,,CA3310031,"RIVERSIDE, CITY OF"
CA3310049,8,10.0,CC,,,CA3310031,"RIVERSIDE, CITY OF"
CA3310074,0,3.0,CC,,,CA3310012,ELSINORE VALLEY MWD
CA3310074,1,2.0,CC,,,CA3310037,"CORONA, CITY OF"
CA3310074,2,1.0,CC,,,CA3310049,WESTERN MWD
CA3310076,0,1.0,CC,TP,37,CA1910087,METROPOLITAN WATER DIST. OF SO. CAL.
CA3310082,0,3.0,CC,,,CA3310009,EASTERN MUNICIPAL WD
CA3310502,0,2.0,CC,,,CA3610073,HI DESERT WD
CA3310800,0,8.0,CC,,,CA3310025,"NORCO, CITY OF"
CA3410001,0,60.0,CC,,,CA3410020,CITY OF SACRAMENTO MAIN
CA3410001,1,108.0,CC,,,CA3410021,SAN JUAN WATER DISTRICT
CA3410002,0,15.0,CC,,,CA3410001,SACRAMENTO SUBURBAN WATER DISTRICT
CA3410006,0,9.0,CC,,,CA3410021,SAN JUAN WATER DISTRICT
CA3410008,0,18.0,CC,,,CA3410029,SCWA - LAGUNA/VINEYARD
CA3410009,0,11.0,CC,,,CA3410021,SAN JUAN WATER DISTRICT
CA3410013,0,37.0,CC,,,CA3410001,SACRAMENTO SUBURBAN WATER DISTRICT
CA3410013,1,36.0,CC,,,CA3410006,CITRUS HEIGHTS WATER DISTRICT
CA3410015,0,34.0,CC,,,CA3410014,"FOLSOM, CITY OF - MAIN"
CA3410016,0,3.0,CC,,,CA3410021,SAN JUAN WATER DISTRICT
CA3410017,0,31.0,CC,,,CA3410020,CITY OF SACRAMENTO MAIN
CA3410018,0,32.0,CC,,,CA3410001,SACRAMENTO SUBURBAN WATER DISTRICT
CA3410029,0,52.0,CC,,,CA3410020,CITY OF SACRAMENTO MAIN
CA3410030,0,1.0,CC,,,CA3410021,SAN JUAN WATER DISTRICT
CA3410031,0,37.0,CC,,,CA3410001,SACRAMENTO SUBURBAN WATER DISTRICT
CA3410031,1,19.0,CC,,,CA3410001,SACRAMENTO SUBURBAN WATER DISTRICT
CA3410033,0,23.0,CC,,,CA3410017,CALAM - PARKWAY
CA3410033,1,24.0,CC,,,CA3410017,CALAM - PARKWAY
CA3410033,2,22.0,CC,,,CA3410029,SCWA - LAGUNA/VINEYARD
CA3410704,0,18.0,CC,,,CA3410015,GOLDEN STATE WATER CO. - CORDOVA
CA3500556,0,2.0,CC,,,CA3510002,"SAN JUAN BAUTISTA, CITY OF"
CA3510001,0,18.0,CC,,,CA3510007,SAN BENITO COUNTY WATER DISTRICT
CA3510003,0,14.0,CC,,,CA3510007,SAN BENITO COUNTY WATER DISTRICT
CA3510006,0,3.0,CC,,,CA3510001,"HOLLISTER, CITY OF"
CA3610001,0,25.0,CC,,,CA3610052,VICTORVILLE WATER DISTRICT
CA3610001,1,24.0,CC,,,CA3610052,VICTORVILLE WATER DISTRICT
CA3610002,0,12.0,CC,,,CA3610114,CLAWA
CA3610004,0,44.0,CC,,,CA3610019,SAN BERNARDINO VALLEY WD
CA3610004,1,54.0,CC,WL,10.0,CA3610038,"RIALTO, CITY OF"
CA3610005,0,5.0,CC,,,CA3610114,CLAWA
CA3610011,0,21.0,CC,,,CA3610114,CLAWA
CA3610012,0,14.0,CC,,,CA3610006,WATER FACILITIES AUTHORITY-JPA
CA3610012,1,18.0,CC,TP,41.0,CA3610029,MONTE VISTA CWD
CA3610012,2,17.0,CC,,,CA3610075,CHINO BASIN DESALTER AUTH. - DESALTER 1
CA3610012,3,,,,,CA3610075,CHINO BASIN DESALTER AUTH. - DESALTER 1
CA3610013,0,25.0,CC,,,CA3610039,SAN BERNARDINO CITY
CA3610014,0,26.0,CC,,,CA3610039,SAN BERNARDINO CITY
CA3610015,0,73.0,CC,,,CA3610114,CLAWA
CA3610018,0,57.0,CC,DS,DST,CA3610050,"UPLAND, CITY OF"
CA3610019,0,3.0,CC,,,CA3610039,SAN BERNARDINO CITY
CA3610023,0,938.0,CC,,,CA3610114,CLAWA
CA3610026,0,4.0,CC,,,CA3610114,CLAWA
CA3610028,0,5.0,CC,,,CA3610004,WEST VALLEY WATER DISTRICT
CA3610028,1,8.0,CC,,,CA3610038,"RIALTO, CITY OF"
CA3610028,2,9.0,CC,,,CA3610041,SAN GABRIEL VALLEY WC - FONTANA
CA3610029,0,19.0,CC,,,CA3610006,WATER FACILITIES AUTHORITY-JPA
CA3610029,1,46.0,CC,,,CA3610036,"CHINO HILLS, CITY OF"
CA3610029,2,40.0,CC,,,CA3610050,"UPLAND, CITY OF"
CA3610034,0,39.0,CC,,,CA3310021,JURUPA COMMUNITY SD
CA3610034,1,37.0,CC,,,CA3310021,JURUPA COMMUNITY SD
CA3610034,2,38.0,CC,,,CA3310021,JURUPA COMMUNITY SD
CA3610034,3,51.0,CC,,,CA3310083,CHINO BASIN DESALTER AUTH. - DESALTER 2
CA3610034,4,35.0,CC,,,CA3610006,WATER FACILITIES AUTHORITY-JPA
CA3610036,0,20.0,CC,,,CA3610006,WATER FACILITIES AUTHORITY-JPA
CA3610036,1,28.0,CC,CC,46.0,CA3610029,MONTE VISTA CWD
CA3610036,2,18.0,CC,,,CA3610075,CHINO BASIN DESALTER AUTH. - DESALTER 1
CA3610036,3,21.0,CC,,,CA3610075,CHINO BASIN DESALTER AUTH. - DESALTER 1
CA3610038,0,22.0,CC,,,CA3610004,WEST VALLEY WATER DISTRICT
CA3610038,1,16.0,CC,,,CA3610019,SAN BERNARDINO VALLEY WD
CA3610038,2,23.0,CC,,,CA3610039,SAN BERNARDINO CITY
CA3610038,3,24.0,CC,,,CA3610041,SAN GABRIEL VALLEY WC - FONTANA
CA3610038,4,25.0,CC,,,CA3610057,RIVERSIDE HIGHLAND WATER COMPANY
CA3610041,0,81.0,CC,,,CA3610018,CUCAMONGA VALLEY WATER DISTRICT
CA3610044,0,60.0,CC,CC,12,CA3610061,DWP - SUGARLOAF/ERWIN LAKE
CA3610045,0,4.0,CC,,,CA3610114,CLAWA
CA3610046,0,16.0,CC,,,CA3610114,CLAWA
CA3610050,0,39.0,CC,,,CA3610006,WATER FACILITIES AUTHORITY-JPA
CA3610050,1,47.0,CC,CH,19.0,CA3610085,SAN ANTONIO WATER COMPANY
CA3610050,2,48.0,CC,CH,20.0,CA3610085,SAN ANTONIO WATER COMPANY
CA3610050,3,46.0,CC,,,CA3610086,WEST END CONSOLIDATED WATER COMPANY
CA3610051,0,37.0,CC,,,CA3610114,CLAWA
CA3610052,0,55.0,CC,,,CA3610001,"ADELANTO, CITY OF"
CA3610053,0,13.0,CC,,,CA3610055,YUCAIPA VALLEY WATER DISTRICT
CA3610057,0,14.0,CC,DS,DST,CA3610019,SAN BERNARDINO VALLEY WD
CA3610061,0,12.0,CC,CC,60,CA3610044,DWP - BIG BEAR LAKE/MOONRIDGE
CA3610062,0,45.0,CC,,,CA3610110,ARROWBEAR PARK CWD
CA3610062,1,46.0,CC,,,CA3610114,CLAWA
CA3610064,0,50.0,CC,,,CA3610039,SAN BERNARDINO CITY
CA3610073,0,42.0,CC,,,CA3610009,BIGHORN - DESERT VIEW WATER AGENCY
CA3610093,0,8.0,CC,,,CA3610114,CLAWA
CA3610109,0,11.0,CC,DS,DST,CA3610120,PHELAN PINON HILLS CSD
CA3610701,0,1.0,CC,,,CA3610043,GOLDEN STATE WATER CO - BARSTOW
CA3610851,0,3.0,CC,,,CA3610850,CALIFORNIA INSTITUTION FOR MEN
CA3700938,0,38.0,CC,,,CA3701408,YUIMA MUNICIPAL WATER DISTRICT
CA3701408,0,6.0,CC,,,CA3710042,SAN DIEGO COUNTY WATER AUTHORITY
CA3710001,0,1.0,CC,,,CA3710020,"SAN DIEGO, CITY OF"
CA3710001,1,7.0,CC,,,CA3710020,"SAN DIEGO, CITY OF"
CA3710001,2,4.0,CC,,,CA3710020,"SAN DIEGO, CITY OF"
CA3710001,3,2.0,CC,,,CA3710020,"SAN DIEGO, CITY OF"
CA3710001,4,3.0,CC,,,CA3710020,"SAN DIEGO, CITY OF"
CA3710001,5,9.0,CC,,,CA3710025,SWEETWATER AUTHORITY
CA3710001,6,8.0,CC,,,CA3710034,OTAY WATER DISTRICT
CA3710001,7,6.0,CC,,,CA3710750,NAS NORTH ISLAND & NAB CORONADO
CA3710001,8,5.0,CC,,,CA3710750,NAS NORTH ISLAND & NAB CORONADO
CA3710002,0,1.0,CC,,,CA3710042,SAN DIEGO COUNTY WATER AUTHORITY
CA3710002,1,5.0,CC,,,CA3710042,SAN DIEGO COUNTY WATER AUTHORITY
CA3710002,2,2.0,CC,,,CA3710042,SAN DIEGO COUNTY WATER AUTHORITY
CA3710002,3,4.0,CC,,,CA3710042,SAN DIEGO COUNTY WATER AUTHORITY
CA3710002,4,3.0,CC,,,CA3710042,SAN DIEGO COUNTY WATER AUTHORITY
CA3710002,5,7.0,CC,,,CA3710042,SAN DIEGO COUNTY WATER AUTHORITY
CA3710002,6,6.0,CC,,,CA3710042,SAN DIEGO COUNTY WATER AUTHORITY
CA3710004,0,1.0,CC,,,CA3710020,"SAN DIEGO, CITY OF"
CA3710004,1,3.0,CC,,,CA3710020,"SAN DIEGO, CITY OF"
CA3710004,2,2.0,CC,,,CA3710020,"SAN DIEGO, CITY OF"
CA3710004,3,4.0,CC,,,CA3710023,SANTA FE I.D.
CA3710005,0,8.0,CC,,,CA3710002,VALLECITOS WD
CA3710005,1,6.0,CC,,,CA3710014,"OCEANSIDE, CITY OF"
CA3710005,2,5.0,CC,,,CA3710014,"OCEANSIDE, CITY OF"
CA3710005,3,1.0,CC,,,CA3710042,SAN DIEGO COUNTY WATER AUTHORITY
CA3710005,4,4.0,CC,,,CA3710042,SAN DIEGO COUNTY WATER AUTHORITY
CA3710005,5,3.0,CC,,,CA3710042,SAN DIEGO COUNTY WATER AUTHORITY
CA3710006,0,21.0,CC,,,CA3710018,RINCON DEL DIABLO MWD (ID-1)
CA3710006,1,20.0,CC,,,CA3710018,RINCON DEL DIABLO MWD (ID-1)
CA3710006,2,19.0,CC,,,CA3710042,SAN DIEGO COUNTY WATER AUTHORITY
CA3710006,3,17.0,CC,,,CA3710042,SAN DIEGO COUNTY WATER AUTHORITY
CA3710008,0,11.0,CC,,,CA3710016,RAINBOW MUNICIPAL WD
CA3710008,1,5.0,CC,,,CA3710016,RAINBOW MUNICIPAL WD
CA3710008,2,10.0,CC,,,CA3710016,RAINBOW MUNICIPAL WD
CA3710008,3,12.0,CC,,,CA3710020,"SAN DIEGO, CITY OF"
CA3710008,4,9.0,CC,,,CA3710042,SAN DIEGO COUNTY WATER AUTHORITY
CA3710008,5,7.0,CC,,,CA3710042,SAN DIEGO COUNTY WATER AUTHORITY
CA3710008,6,8.0,CC,,,CA3710042,SAN DIEGO COUNTY WATER AUTHORITY
CA3710008,7,6.0,CC,,,CA3710042,SAN DIEGO COUNTY WATER AUTHORITY
CA3710010,0,14.0,CC,,,CA3710013,LAKESIDE WD
CA3710010,1,15.0,CC,,,CA3710013,LAKESIDE WD
CA3710010,2,17.0,CC,,,CA3710020,"SAN DIEGO, CITY OF"
CA3710010,3,16.0,CC,,,CA3710034,OTAY WATER DISTRICT
CA3710010,4,29.0,CC,,,CA3710034,OTAY WATER DISTRICT
CA3710010,5,26.0,CC,,,CA3710034,OTAY WATER DISTRICT
CA3710010,6,27.0,CC,,,CA3710034,OTAY WATER DISTRICT
CA3710010,7,13.0,CC,,,CA3710034,OTAY WATER DISTRICT
CA3710010,8,12.0,CC,,,CA3710034,OTAY WATER DISTRICT
CA3710010,9,31.0,CC,,,CA3710034,OTAY WATER DISTRICT
CA3710010,10,32.0,CC,,,CA3710034,OTAY WATER DISTRICT
CA3710010,11,33.0,CC,,,CA3710034,OTAY WATER DISTRICT
CA3710010,12,34.0,CC,,,CA3710034,OTAY WATER DISTRICT
CA3710010,13,21.0,CC,,,CA3710037,PADRE DAM MWD
CA3710010,14,20.0,CC,,,CA3710037,PADRE DAM MWD
CA3710010,15,18.0,CC,,,CA3710037,PADRE DAM MWD
CA3710010,16,11.0,CC,,,CA3710037,PADRE DAM MWD
CA3710010,17,7.0,CC,,,CA3710042,SAN DIEGO COUNTY WATER AUTHORITY
CA3710010,18,6.0,CC,,,CA3710042,SAN DIEGO COUNTY WATER AUTHORITY
CA3710010,19,5.0,CC,,,CA3710042,SAN DIEGO COUNTY WATER AUTHORITY
CA3710010,20,30.0,CC,,,CA3710042,SAN DIEGO COUNTY WATER AUTHORITY
CA3710012,0,21.0,CC,TP,11.0,CA3701408,YUIMA MUNICIPAL WATER DISTRICT
CA3710012,1,29.0,CC,,,CA3701408,YUIMA MUNICIPAL WATER DISTRICT
CA3710012,2,28.0,CC,,,CA3701408,YUIMA MUNICIPAL WATER DISTRICT
CA3710013,0,11.0,CC,,,CA3710010,HELIX WATER DISTRICT
CA3710013,1,10.0,CC,,,CA3710010,HELIX WATER DISTRICT
CA3710013,2,3.0,CC,,,CA3710037,PADRE DAM MWD
CA3710013,3,13.0,CC,,,CA3710037,PADRE DAM MWD
CA3710013,4,14.0,CC,,,CA3710037,PADRE DAM MWD
CA3710013,5,12.0,CC,,,CA3710037,PADRE DAM MWD
CA3710013,6,15.0,CC,,,CA3710037,PADRE DAM MWD
CA3710014,0,26.0,CC,,,CA3710005,CARLSBAD MWD
CA3710014,1,25.0,CC,,,CA3710005,CARLSBAD MWD
CA3710014,2,24.0,CC,,,CA3710016,RAINBOW MUNICIPAL WD
CA3710014,3,23.0,CC,,,CA3710016,RAINBOW MUNICIPAL WD
CA3710014,4,22.0,CC,,,CA3710016,RAINBOW MUNICIPAL WD
CA3710014,5,27.0,CC,,,CA3710027,VISTA IRRIGATION DISTRICT
CA3710014,6,7.0,CC,,,CA3710042,SAN DIEGO COUNTY WATER AUTHORITY
CA3710014,7,21.0,CC,,,CA3710042,SAN DIEGO COUNTY WATER AUTHORITY
CA3710014,8,17.0,CC,,,CA3710042,SAN DIEGO COUNTY WATER AUTHORITY
CA3710014,9,20.0,CC,,,CA3710042,SAN DIEGO COUNTY WATER AUTHORITY
CA3710014,10,19.0,CC,,,CA3710042,SAN DIEGO COUNTY WATER AUTHORITY
CA3710014,11,18.0,CC,,,CA3710042,SAN DIEGO COUNTY WATER AUTHORITY
CA3710015,0,4.0,CC,,,CA3710042,SAN DIEGO COUNTY WATER AUTHORITY
CA3710015,1,5.0,CC,CC,4.0,CA3710042,SAN DIEGO COUNTY WATER AUTHORITY
CA3710015,2,6.0,CC,CC,4.0,CA3710042,SAN DIEGO COUNTY WATER AUTHORITY
CA3710016,0,14.0,CC,,,CA3710008,FALLBROOK PUD
CA3710016,1,5.0,CC,,,CA3710008,FALLBROOK PUD
CA3710016,2,4.0,CC,,,CA3710008,FALLBROOK PUD
CA3710016,3,3.0,CC,,,CA3710008,FALLBROOK PUD
CA3710016,4,13.0,CC,,,CA3710008,FALLBROOK PUD
CA3710016,5,1.0,CC,,,CA3710042,SAN DIEGO COUNTY WATER AUTHORITY
CA3710016,6,12.0,CC,,,CA3710042,SAN DIEGO COUNTY WATER AUTHORITY
CA3710016,7,9.0,CC,,,CA3710042,SAN DIEGO COUNTY WATER AUTHORITY
CA3710016,8,8.0,CC,,,CA3710042,SAN DIEGO COUNTY WATER AUTHORITY
CA3710016,9,7.0,CC,,,CA3710042,SAN DIEGO COUNTY WATER AUTHORITY
CA3710016,10,6.0,CC,,,CA3710042,SAN DIEGO COUNTY WATER AUTHORITY
CA3710016,11,11.0,CC,,,CA3710042,SAN DIEGO COUNTY WATER AUTHORITY
CA3710016,12,10.0,CC,,,CA3710042,SAN DIEGO COUNTY WATER AUTHORITY
CA3710018,0,4.0,CC,,,CA3710006,"ESCONDIDO, CITY OF"
CA3710018,1,3.0,CC,,,CA3710006,"ESCONDIDO, CITY OF"
CA3710018,2,1.0,CC,,,CA3710042,SAN DIEGO COUNTY WATER AUTHORITY
CA3710018,3,2.0,CC,,,CA3710042,SAN DIEGO COUNTY WATER AUTHORITY
CA3710019,0,17.0,CC,,,CA3710015,"POWAY, CITY OF"
CA3710019,1,14.0,CC,,,CA3710042,SAN DIEGO COUNTY WATER AUTHORITY
CA3710019,2,2.0,CC,,,CA3710042,SAN DIEGO COUNTY WATER AUTHORITY
CA3710020,0,20.0,CC,,,CA3710042,SAN DIEGO COUNTY WATER AUTHORITY
CA3710020,1,28.0,CC,,,CA3710042,SAN DIEGO COUNTY WATER AUTHORITY
CA3710020,2,23.0,CC,,,CA3710042,SAN DIEGO COUNTY WATER AUTHORITY
CA3710020,3,25.0,CC,,,CA3710042,SAN DIEGO COUNTY WATER AUTHORITY
CA3710020,4,26.0,CC,,,CA3710042,SAN DIEGO COUNTY WATER AUTHORITY
CA3710020,5,24.0,CC,,,CA3710042,SAN DIEGO COUNTY WATER AUTHORITY
CA3710020,6,27.0,CC,,,CA3710042,SAN DIEGO COUNTY WATER AUTHORITY
CA3710021,0,4.0,CC,,,CA3710023,SANTA FE I.D.
CA3710023,0,7.0,CC,,,CA3710029,OLIVENHAIN MWD
CA3710023,1,6.0,CC,,,CA3710029,OLIVENHAIN MWD
CA3710023,2,5.0,CC,,,CA3710029,OLIVENHAIN MWD
CA3710023,3,4.0,CC,,,CA3710042,SAN DIEGO COUNTY WATER AUTHORITY
CA3710023,4,8.0,CC,TP,3.0,CA3710042,SAN DIEGO COUNTY WATER AUTHORITY
CA3710025,0,29.0,CC,,,CA3710001,CAL-AM WATER CORONADO
CA3710025,1,32.0,CC,,,CA3710020,"SAN DIEGO, CITY OF"
CA3710025,2,28.0,CC,,,CA3710020,"SAN DIEGO, CITY OF"
CA3710025,3,26.0,CC,,,CA3710020,"SAN DIEGO, CITY OF"
CA3710025,4,27.0,CC,,,CA3710020,"SAN DIEGO, CITY OF"
CA3710025,5,31.0,CC,,,CA3710020,"SAN DIEGO, CITY OF"
CA3710025,6,30.0,CC,,,CA3710020,"SAN DIEGO, CITY OF"
CA3710025,7,38.0,CC,,,CA3710034,OTAY WATER DISTRICT
CA3710025,8,36.0,CC,,,CA3710034,OTAY WATER DISTRICT
CA3710025,9,34.0,CC,,,CA3710034,OTAY WATER DISTRICT
CA3710025,10,37.0,CC,,,CA3710034,OTAY WATER DISTRICT
CA3710025,11,33.0,CC,,,CA3710034,OTAY WATER DISTRICT
CA3710025,12,35.0,CC,,,CA3710034,OTAY WATER DISTRICT
CA3710025,13,7.0,CC,,,CA3710042,SAN DIEGO COUNTY WATER AUTHORITY
CA3710025,14,39.0,CC,,,CA3710042,SAN DIEGO COUNTY WATER AUTHORITY
CA3710026,0,8.0,CC,,,CA3710042,SAN DIEGO COUNTY WATER AUTHORITY
CA3710026,1,9.0,CC,,,CA3710042,SAN DIEGO COUNTY WATER AUTHORITY
CA3710026,2,16.0,CC,,,CA3710042,SAN DIEGO COUNTY WATER AUTHORITY
CA3710026,3,15.0,CC,,,CA3710042,SAN DIEGO COUNTY WATER AUTHORITY
CA3710026,4,14.0,CC,,,CA3710042,SAN DIEGO COUNTY WATER AUTHORITY
CA3710026,5,13.0,CC,,,CA3710042,SAN DIEGO COUNTY WATER AUTHORITY
CA3710026,6,12.0,CC,,,CA3710042,SAN DIEGO COUNTY WATER AUTHORITY
CA3710026,7,10.0,CC,,,CA3710042,SAN DIEGO COUNTY WATER AUTHORITY
CA3710026,8,11.0,CC,,,CA3710042,SAN DIEGO COUNTY WATER AUTHORITY
CA3710027,0,40.0,CC,DS,DST,CA3710002,VALLECITOS WD
CA3710027,1,1.0,IN,,,CA3710006,"ESCONDIDO, CITY OF"
CA3710027,2,39.0,CC,TP,018,CA3710006,"ESCONDIDO, CITY OF"
CA3710027,3,35.0,CC,,,CA3710014,"OCEANSIDE, CITY OF"
CA3710027,4,29.0,CC,,,CA3710042,SAN DIEGO COUNTY WATER AUTHORITY
CA3710027,5,34.0,CC,,,CA3710042,SAN DIEGO COUNTY WATER AUTHORITY
CA3710027,6,31.0,CC,,,CA3710042,SAN DIEGO COUNTY WATER AUTHORITY
CA3710027,7,30.0,CC,,,CA3710042,SAN DIEGO COUNTY WATER AUTHORITY
CA3710027,8,32.0,CC,,,CA3710042,SAN DIEGO COUNTY WATER AUTHORITY
CA3710027,9,33.0,CC,,,CA3710042,SAN DIEGO COUNTY WATER AUTHORITY
CA3710029,0,1.0,CC,,,CA3710042,SAN DIEGO COUNTY WATER AUTHORITY
CA3710029,1,7.0,CC,,,CA3710042,SAN DIEGO COUNTY WATER AUTHORITY
CA3710029,2,6.0,CC,,,CA3710042,SAN DIEGO COUNTY WATER AUTHORITY
CA3710029,3,5.0,CC,,,CA3710042,SAN DIEGO COUNTY WATER AUTHORITY
CA3710034,0,30.0,CC,,,CA3710001,CAL-AM WATER CORONADO
CA3710034,1,13.0,CC,,,CA3710010,HELIX WATER DISTRICT
CA3710034,2,6.0,CC,,,CA3710010,HELIX WATER DISTRICT
CA3710034,3,12.0,CC,,,CA3710010,HELIX WATER DISTRICT
CA3710034,4,10.0,CC,,,CA3710010,HELIX WATER DISTRICT
CA3710034,5,5.0,CC,,,CA3710010,HELIX WATER DISTRICT
CA3710034,6,8.0,CC,,,CA3710010,HELIX WATER DISTRICT
CA3710034,7,11.0,CC,,,CA3710010,HELIX WATER DISTRICT
CA3710034,8,9.0,CC,,,CA3710010,HELIX WATER DISTRICT
CA3710034,9,21.0,CC,,,CA3710020,"SAN DIEGO, CITY OF"
CA3710034,10,7.0,CC,,,CA3710020,"SAN DIEGO, CITY OF"
CA3710034,11,20.0,CC,,,CA3710020,"SAN DIEGO, CITY OF"
CA3710034,12,15.0,CC,,,CA3710020,"SAN DIEGO, CITY OF"
CA3710034,13,19.0,CC,,,CA3710020,"SAN DIEGO, CITY OF"
CA3710034,14,14.0,CC,,,CA3710020,"SAN DIEGO, CITY OF"
CA3710034,15,16.0,CC,,,CA3710020,"SAN DIEGO, CITY OF"
CA3710034,16,17.0,CC,,,CA3710020,"SAN DIEGO, CITY OF"
CA3710034,17,18.0,CC,,,CA3710020,"SAN DIEGO, CITY OF"
CA3710034,18,29.0,CC,,,CA3710025,SWEETWATER AUTHORITY
CA3710034,19,27.0,CC,,,CA3710025,SWEETWATER AUTHORITY
CA3710034,20,22.0,CC,,,CA3710025,SWEETWATER AUTHORITY
CA3710034,21,23.0,CC,,,CA3710025,SWEETWATER AUTHORITY
CA3710034,22,24.0,CC,,,CA3710025,SWEETWATER AUTHORITY
CA3710034,23,26.0,CC,,,CA3710025,SWEETWATER AUTHORITY
CA3710034,24,28.0,CC,,,CA3710025,SWEETWATER AUTHORITY
CA3710034,25,25.0,CC,,,CA3710025,SWEETWATER AUTHORITY
CA3710034,26,1.0,CC,,,CA3710042,SAN DIEGO COUNTY WATER AUTHORITY
CA3710034,27,4.0,CC,,,CA3710042,SAN DIEGO COUNTY WATER AUTHORITY
CA3710034,28,2.0,CC,,,CA3710042,SAN DIEGO COUNTY WATER AUTHORITY
CA3710034,29,3.0,CC,,,CA3710042,SAN DIEGO COUNTY WATER AUTHORITY
CA3710037,0,2.0,CC,,,CA3710010,HELIX WATER DISTRICT
CA3710037,1,7.0,CC,,,CA3710010,HELIX WATER DISTRICT
CA3710037,2,6.0,CC,,,CA3710010,HELIX WATER DISTRICT
CA3710037,3,5.0,CC,,,CA3710010,HELIX WATER DISTRICT
CA3710037,4,4.0,CC,,,CA3710013,LAKESIDE WD
CA3710037,5,3.0,CC,,,CA3710013,LAKESIDE WD
CA3710037,6,1.0,CC,,,CA3710042,SAN DIEGO COUNTY WATER AUTHORITY
CA3710042,0,1.0,CC,,,CA1910087,METROPOLITAN WATER DIST. OF SO. CAL.
CA3710042,1,4.0,CC,,,CA1910087,METROPOLITAN WATER DIST. OF SO. CAL.
CA3710042,2,6.0,CC,TP,3.0,CA3710045,POSEIDON RESOURCES - CDP
CA3710044,0,1.0,CC,,,CA3710006,"ESCONDIDO, CITY OF"
CA3710700,0,19.0,CC,,,CA3010071,JOINT REGIONAL WATER SUPPLY SYSTEM
CA3710702,0,38.0,CC,,,CA3710014,"OCEANSIDE, CITY OF"
CA3710707,0,1.0,CC,,,CA3710020,"SAN DIEGO, CITY OF"
CA3710707,1,2.0,CC,,,CA3710025,SWEETWATER AUTHORITY
CA3710750,0,1.0,CC,TP,1,CA3710020,"SAN DIEGO, CITY OF"
CA3810003,0,1.0,CC,,,CA3810001,SAN FRANCISCO REGIONAL WATER SYSTEM
CA3810006,0,1.0,CC,,,CA3810001,SAN FRANCISCO REGIONAL WATER SYSTEM
CA3810008,0,1.0,CC,TP,19,CA3810001,SAN FRANCISCO REGIONAL WATER SYSTEM
CA3810010,0,1.0,CC,,,CA3810001,SAN FRANCISCO REGIONAL WATER SYSTEM
CA3810011,0,1.0,CC,,,CA3810001,SAN FRANCISCO REGIONAL WATER SYSTEM
CA3810700,0,5.0,CC,,,CA3810001,SAN FRANCISCO REGIONAL WATER SYSTEM
CA3810702,0,1.0,CC,,,CA3810011,SFPUC CITY DISTRIBUTION DIVISION
CA3910001,0,69.0,CC,,,CA3910006,STOCKTON EAST WATER DISTRICT
CA3910002,0,6.0,CC,,,CA3910006,STOCKTON EAST WATER DISTRICT
CA3910005,0,46.0,CC,,,CA5010040,SOUTH SAN JOAQUIN IRRIGATION DISTRICT
CA3910010,0,8.0,CC,,,CA3910006,STOCKTON EAST WATER DISTRICT
CA3910011,0,37.0,CC,,,CA5010040,SOUTH SAN JOAQUIN IRRIGATION DISTRICT
CA3910011,1,36.0,CC,,,CA5010040,SOUTH SAN JOAQUIN IRRIGATION DISTRICT
CA3910012,0,48.0,CC,,,CA3910006,STOCKTON EAST WATER DISTRICT
CA3910015,0,15.0,CC,,,CA5010040,SOUTH SAN JOAQUIN IRRIGATION DISTRICT
CA3910025,0,5.0,CC,TP,2,CA3810008,THOMAS SHAFT WHOLESALE
CA3910302,0,3.0,CC,,,CA3910001,CALIFORNIA WATER SERVICE - STOCKTON
CA4000222,0,1.0,CC,TP,4,CA4010022,LOPEZ PROJECT
CA4010001,0,9.0,CC,,,CA4010022,LOPEZ PROJECT
CA4010002,0,52.0,CC,IN,2,CA4010080,NACIMIENTO WATER PROJECT
CA4010003,0,13.0,CC,,,CA4210030,CENTRAL COAST WATER AUTHORITY
CA4010004,0,6.0,CC,,,CA4010022,LOPEZ PROJECT
CA4010005,0,7.0,CC,,,CA4010022,LOPEZ PROJECT
CA4010005,1,8.0,CC,,,CA4210030,CENTRAL COAST WATER AUTHORITY
CA4010006,0,3.0,CC,,,CA4010025,SLO CWD NO. 10 - CAYUCOS WTP
CA4010007,0,51.0,CC,IN,2,CA4010080,NACIMIENTO WATER PROJECT
CA4010008,0,11.0,CC,,,CA4010022,LOPEZ PROJECT
CA4010008,1,12.0,CC,,,CA4210030,CENTRAL COAST WATER AUTHORITY
CA4010009,0,16.0,CC,IN,2,CA4010080,NACIMIENTO WATER PROJECT
CA4010011,0,33.0,CC,IN,1.0,CA4010830,CALIFORNIA MENS COLONY
CA4010011,1,24.0,CC,,,CA4210030,CENTRAL COAST WATER AUTHORITY
CA4010015,0,7.0,CC,,,CA4010025,SLO CWD NO. 10 - CAYUCOS WTP
CA4010019,0,40.0,CC,IN,2,CA4010080,NACIMIENTO WATER PROJECT
CA4010022,0,5.0,CC,,,CA4210030,CENTRAL COAST WATER AUTHORITY
CA4010024,0,11.0,CC,,,CA4010002,ATASCADERO MUTUAL WATER CO
CA4010026,0,37.0,CC,,,CA4210011,SANTA MARIA WATER DEPARTMENT
CA4010830,0,8.0,CC,,,CA4210030,CENTRAL COAST WATER AUTHORITY
CA4010901,0,1.0,CC,,,CA4010025,SLO CWD NO. 10 - CAYUCOS WTP
CA4110001,0,1.0,CC,,,CA3810001,SAN FRANCISCO REGIONAL WATER SYSTEM
CA4110002,0,1.0,CC,,,CA3810001,SAN FRANCISCO REGIONAL WATER SYSTEM
CA4110003,0,1.0,CC,,,CA3810001,SAN FRANCISCO REGIONAL WATER SYSTEM
CA4110005,0,1.0,CC,,,CA3810001,SAN FRANCISCO REGIONAL WATER SYSTEM
CA4110006,0,5.0,CC,,,CA3810001,SAN FRANCISCO REGIONAL WATER SYSTEM
CA4110007,0,1.0,CC,,,CA3810001,SAN FRANCISCO REGIONAL WATER SYSTEM
CA4110008,0,2.0,CC,,,CA3810001,SAN FRANCISCO REGIONAL WATER SYSTEM
CA4110009,0,12.0,CC,,,CA3810001,SAN FRANCISCO REGIONAL WATER SYSTEM
CA4110013,0,12.0,CC,,,CA3810001,SAN FRANCISCO REGIONAL WATER SYSTEM
CA4110013,1,24.0,CC,,,CA3810001,SAN FRANCISCO REGIONAL WATER SYSTEM
CA4110013,2,27.0,CC,,,CA3810001,SAN FRANCISCO REGIONAL WATER SYSTEM
CA4110013,3,19.0,CC,,,CA3810001,SAN FRANCISCO REGIONAL WATER SYSTEM
CA4110013,4,26.0,CC,,,CA3810001,SAN FRANCISCO REGIONAL WATER SYSTEM
CA4110013,5,25.0,CC,,,CA3810001,SAN FRANCISCO REGIONAL WATER SYSTEM
CA4110013,6,22.0,CC,,,CA3810001,SAN FRANCISCO REGIONAL WATER SYSTEM
CA4110013,7,20.0,CC,,,CA3810001,SAN FRANCISCO REGIONAL WATER SYSTEM
CA4110013,8,23.0,CC,,,CA3810001,SAN FRANCISCO REGIONAL WATER SYSTEM
CA4110013,9,21.0,CC,,,CA3810001,SAN FRANCISCO REGIONAL WATER SYSTEM
CA4110013,10,28.0,CC,,,CA3810001,SAN FRANCISCO REGIONAL WATER SYSTEM
CA4110016,0,1.0,CC,,,CA3810001,SAN FRANCISCO REGIONAL WATER SYSTEM
CA4110016,1,2.0,CC,,,CA3810001,SAN FRANCISCO REGIONAL WATER SYSTEM
CA4110016,2,3.0,CC,,,CA3810001,SAN FRANCISCO REGIONAL WATER SYSTEM
CA4110016,3,4.0,CC,,,CA3810001,SAN FRANCISCO REGIONAL WATER SYSTEM
CA4110016,4,5.0,CC,,,CA3810001,SAN FRANCISCO REGIONAL WATER SYSTEM
CA4110016,5,6.0,CC,,,CA3810001,SAN FRANCISCO REGIONAL WATER SYSTEM
CA4110016,6,7.0,CC,,,CA3810001,SAN FRANCISCO REGIONAL WATER SYSTEM
CA4110016,7,8.0,CC,,,CA3810001,SAN FRANCISCO REGIONAL WATER SYSTEM
CA4110016,8,9.0,CC,,,CA3810001,SAN FRANCISCO REGIONAL WATER SYSTEM
CA4110017,0,1.0,CC,,,CA3810001,SAN FRANCISCO REGIONAL WATER SYSTEM
CA4110018,0,3.0,CC,,,CA3810001,SAN FRANCISCO REGIONAL WATER SYSTEM
CA4110021,0,1.0,CC,,,CA3810001,SAN FRANCISCO REGIONAL WATER SYSTEM
CA4110022,0,1.0,CC,,,CA3810001,SAN FRANCISCO REGIONAL WATER SYSTEM
CA4110023,0,6.0,CC,,,CA3810001,SAN FRANCISCO REGIONAL WATER SYSTEM
CA4110024,0,2.0,CC,,,CA3810001,SAN FRANCISCO REGIONAL WATER SYSTEM
CA4110025,0,3.0,CC,,,CA3810001,SAN FRANCISCO REGIONAL WATER SYSTEM
CA4110027,0,1.0,CC,,,CA3810001,SAN FRANCISCO REGIONAL WATER SYSTEM
CA4210001,0,7.0,CC,,,CA4210010,CITY OF SANTA BARBARA WATER DEPARTMENT
CA4210001,1,8.0,CC,,,CA4210030,CENTRAL COAST WATER AUTHORITY
CA4210003,0,6.0,CC,,,CA4210030,CENTRAL COAST WATER AUTHORITY
CA4210004,0,36.0,CC,,,CA4210030,CENTRAL COAST WATER AUTHORITY
CA4210007,0,27.0,CC,,,CA4210010,CITY OF SANTA BARBARA WATER DEPARTMENT
CA4210007,1,28.0,CC,,,CA4210030,CENTRAL COAST WATER AUTHORITY
CA4210010,0,37.0,CC,,,CA4210030,CENTRAL COAST WATER AUTHORITY
CA4210011,0,15.0,CC,,,CA4210030,CENTRAL COAST WATER AUTHORITY
CA4210013,0,8.0,CC,,,CA4210030,CENTRAL COAST WATER AUTHORITY
CA4210018,0,6.0,CC,,,CA4210030,CENTRAL COAST WATER AUTHORITY
CA4210020,0,19.0,CC,,,CA4210030,CENTRAL COAST WATER AUTHORITY
CA4210021,0,3.0,CC,,,CA4210030,CENTRAL COAST WATER AUTHORITY
CA4210024,0,9.0,CC,,,CA4210030,CENTRAL COAST WATER AUTHORITY
CA4210700,0,17.0,CC,,,CA4210030,CENTRAL COAST WATER AUTHORITY
CA4210900,0,3.0,CC,,,CA4210305,LAS CRUCES STATE PARK
CA4300504,0,1.0,CC,,,CA4310011,SAN JOSE WATER
CA4300517,0,5.0,CC,,,CA4310011,SAN JOSE WATER
CA4300521,0,1.0,CC,,,CA4310011,SAN JOSE WATER
CA4300526,0,3.0,CC,,,CA4310011,SAN JOSE WATER
CA4300545,0,1.0,CC,,,CA4310011,SAN JOSE WATER
CA4300546,0,1.0,CC,,,CA4310011,SAN JOSE WATER
CA4300550,0,1.0,CC,,,CA4310011,SAN JOSE WATER
CA4300562,0,1.0,CC,,,CA4310011,SAN JOSE WATER
CA4300563,0,1.0,CC,,,CA4310011,SAN JOSE WATER
CA4300740,0,5.0,CC,,,CA4310011,SAN JOSE WATER
CA4300741,0,1.0,CC,,,CA4310011,SAN JOSE WATER
CA4300808,0,2.0,CC,,,CA4310011,SAN JOSE WATER
CA4300816,0,2.0,CC,,,CA4310007,CITY OF MOUNTAIN VIEW
CA4300831,0,1.0,CC,,,CA4310011,SAN JOSE WATER
CA4300833,0,2.0,CC,,,CA4310011,SAN JOSE WATER
CA4300856,0,4.0,CC,,,CA4310005,CITY OF MILPITAS
CA4300929,0,1.0,CC,,,CA4310022,GREAT OAKS WC INC
CA4300978,0,1.0,CC,,,CA4310011,SAN JOSE WATER
CA4300986,0,3.0,CC,,,CA4310027,SANTA CLARA VALLEY WATER DISTRICT
CA4300997,0,1.0,CC,,,CA3810001,SAN FRANCISCO REGIONAL WATER SYSTEM
CA4310001,0,50.0,CC,,,CA4310027,SANTA CLARA VALLEY WATER DISTRICT
CA4310001,1,48.0,CC,,,CA4310027,SANTA CLARA VALLEY WATER DISTRICT
CA4310001,2,49.0,CC,,,CA4310027,SANTA CLARA VALLEY WATER DISTRICT
CA4310001,3,58.0,CC,,,CA4310027,SANTA CLARA VALLEY WATER DISTRICT
CA4310005,0,4.0,CC,,,CA3810001,SAN FRANCISCO REGIONAL WATER SYSTEM
CA4310005,1,3.0,CC,,,CA4310027,SANTA CLARA VALLEY WATER DISTRICT
CA4310007,0,15.0,CC,,,CA3810001,SAN FRANCISCO REGIONAL WATER SYSTEM
CA4310007,1,20.0,CC,,,CA3810001,SAN FRANCISCO REGIONAL WATER SYSTEM
CA4310007,2,19.0,CC,,,CA3810001,SAN FRANCISCO REGIONAL WATER SYSTEM
CA4310007,3,13.0,CC,,,CA4310027,SANTA CLARA VALLEY WATER DISTRICT
CA4310009,0,11.0,CC,,,CA3810001,SAN FRANCISCO REGIONAL WATER SYSTEM
CA4310009,1,12.0,CC,,,CA3810001,SAN FRANCISCO REGIONAL WATER SYSTEM
CA4310011,0,155.0,CC,,,CA4310027,SANTA CLARA VALLEY WATER DISTRICT
CA4310011,1,146.0,CC,,,CA4310027,SANTA CLARA VALLEY WATER DISTRICT
CA4310011,2,152.0,CC,,,CA4310027,SANTA CLARA VALLEY WATER DISTRICT
CA4310011,3,151.0,CC,,,CA4310027,SANTA CLARA VALLEY WATER DISTRICT
CA4310011,4,150.0,CC,,,CA4310027,SANTA CLARA VALLEY WATER DISTRICT
CA4310011,5,154.0,CC,,,CA4310027,SANTA CLARA VALLEY WATER DISTRICT
CA4310011,6,149.0,CC,,,CA4310027,SANTA CLARA VALLEY WATER DISTRICT
CA4310011,7,148.0,CC,,,CA4310027,SANTA CLARA VALLEY WATER DISTRICT
CA4310011,8,153.0,CC,,,CA4310027,SANTA CLARA VALLEY WATER DISTRICT
CA4310011,9,147.0,CC,,,CA4310027,SANTA CLARA VALLEY WATER DISTRICT
CA4310011,10,190.0,CC,,,CA4310027,SANTA CLARA VALLEY WATER DISTRICT
CA4310011,11,191.0,CC,,,CA4310027,SANTA CLARA VALLEY WATER DISTRICT
CA4310011,12,192.0,CC,,,CA4310027,SANTA CLARA VALLEY WATER DISTRICT
CA4310011,13,193.0,CC,,,CA4310027,SANTA CLARA VALLEY WATER DISTRICT
CA4310012,0,33.0,CC,,,CA3810001,SAN FRANCISCO REGIONAL WATER SYSTEM
CA4310012,1,32.0,CC,,,CA3810001,SAN FRANCISCO REGIONAL WATER SYSTEM
CA4310012,2,37.0,CC,,,CA4310027,SANTA CLARA VALLEY WATER DISTRICT
CA4310013,0,4.0,CC,,,CA3810001,SAN FRANCISCO REGIONAL WATER SYSTEM
CA4310014,0,16.0,CC,,,CA3810001,SAN FRANCISCO REGIONAL WATER SYSTEM
CA4310014,1,15.0,CC,,,CA4310027,SANTA CLARA VALLEY WATER DISTRICT
CA4310014,2,14.0,CC,,,CA4310027,SANTA CLARA VALLEY WATER DISTRICT
CA4310014,3,17.0,CC,,,CA4310027,SANTA CLARA VALLEY WATER DISTRICT
CA4310018,0,5.0,CC,,,CA4310027,SANTA CLARA VALLEY WATER DISTRICT
CA4310018,1,6.0,CC,,,CA4310027,SANTA CLARA VALLEY WATER DISTRICT
CA4310019,0,6.0,CC,,,CA3810001,SAN FRANCISCO REGIONAL WATER SYSTEM
CA4310019,1,7.0,CC,,,CA3810001,SAN FRANCISCO REGIONAL WATER SYSTEM
CA4310020,0,10.0,CC,,,CA4310027,SANTA CLARA VALLEY WATER DISTRICT
CA4310020,1,16.0,CC,,,CA4310027,SANTA CLARA VALLEY WATER DISTRICT
CA4310020,2,8.0,CC,,,CA4310027,SANTA CLARA VALLEY WATER DISTRICT
CA4310020,3,9.0,CC,,,CA4310027,SANTA CLARA VALLEY WATER DISTRICT
CA4310021,0,1.0,CC,,,CA3810001,SAN FRANCISCO REGIONAL WATER SYSTEM
CA4310027,0,20.0,CC,,,CA3810001,SAN FRANCISCO REGIONAL WATER SYSTEM
CA4310028,0,8.0,CC,,,CA4310011,SAN JOSE WATER
CA4310028,1,5.0,CC,,,CA4310011,SAN JOSE WATER
CA4310028,2,7.0,CC,,,CA4310011,SAN JOSE WATER
CA4310028,3,4.0,CC,,,CA4310011,SAN JOSE WATER
CA4310028,4,6.0,CC,,,CA4310011,SAN JOSE WATER
CA4410008,0,8.0,CC,,,CA4410014,SAN LORENZO VALLEY WATER DIST
CA4500217,0,3.0,CC,WL,1,CA4500303,TUCKER OAKS EAST WATER DISTRICT
CA4500303,0,3.0,CC,WL,1,CA4500217,ANDERSON TUCKER OAKS GOLF
CA4510011,0,,,,,CA4510016,CLEAR CREEK CSD-ANDERSON
CA4510011,1,2.0,CC,,,CA4510016,CLEAR CREEK CSD-ANDERSON
CA4810008,0,27.0,CC,TP,6,CA4810003,CITY OF FAIRFIELD
CA4810024,0,4.0,CC,,,CA4810003,CITY OF FAIRFIELD
CA4810026,0,4.0,CC,,,CA4810003,CITY OF FAIRFIELD
CA4810037,0,2.0,NP,DS,DST,CA4810008,CITY OF VACAVILLE
CA4810701,0,24.0,CC,TP,1,CA4810015,TRAVIS AFB WTP - VALLEJO
CA4900514,0,4.0,CC,,,CA4910028,SWEETWATER SPRINGS CWD - MONTE RIO
CA4900536,0,,,,,CA4910029,CAMP MEEKER WATER SYSTEM
CA4900588,0,1.0,CC,,,CA4910020,SONOMA COUNTY WATER AGENCY
CA4900599,0,2.0,CC,,,CA4910009,"SANTA ROSA, CITY OF"
CA4901025,0,2.0,CC,,,CA4910004,SWEETWATER SPRINGS CWD - GUERNEVILLE
CA4901046,0,3.0,CC,,,CA4900584,TIMBER COVE COUNTY WATER DISTRICT
CA4901246,0,7.0,CC,CC,3,CA4901368,PURPLE WINE + SPIRITS
CA4901297,0,2.0,CC,,,CA2110003,NORTH MARIN WATER DISTRICT
CA4901368,0,3.0,CC,,,CA4901221,GRATON MUTUAL (GREEN VALLEY HOA)
CA4910003,0,1.0,CC,,,CA4910020,SONOMA COUNTY WATER AGENCY
CA4910006,0,25.0,CC,,,CA4910020,SONOMA COUNTY WATER AGENCY
CA4910009,0,12.0,CC,,,CA4910020,SONOMA COUNTY WATER AGENCY
CA4910010,0,4.0,CC,,,CA4910005,"HEALDSBURG, CITY OF"
CA4910012,0,7.0,CC,,,CA4910020,SONOMA COUNTY WATER AGENCY
CA4910013,0,8.0,CC,,,CA4910020,SONOMA COUNTY WATER AGENCY
CA4910014,0,43.0,CC,,,CA4910020,SONOMA COUNTY WATER AGENCY
CA4910016,0,5.0,CC,,,CA4910020,SONOMA COUNTY WATER AGENCY
CA4910017,0,21.0,CC,,,CA4910020,SONOMA COUNTY WATER AGENCY
CA4910019,0,1.0,CC,,,CA4910020,SONOMA COUNTY WATER AGENCY
CA4910023,0,11.0,CC,,,CA4910020,SONOMA COUNTY WATER AGENCY
CA4910025,0,4.0,CC,,,CA4910020,SONOMA COUNTY WATER AGENCY
CA4910701,0,3.0,CC,,,CA4910006,"PETALUMA, CITY OF"
CA5010010,0,225.0,CC,,,CA5010038,MODESTO IRRIGATION DISTRICT
CA5010035,0,4.0,CC,,,CA5010019,"TURLOCK, CITY OF"
CA5402050,0,5.0,CC,,,CA5410016,CWS - VISALIA
CA5410036,0,1.0,CC,,,CA5410012,STRATHMORE PUBLIC UTIL DIST
CA5500053,0,5.0,CC,,,CA5510012,TUD - UPPER BASIN WATER SYSTEM
CA5500060,0,5.0,CC,CC,8,CA5510006,MI WUK VILLAGE MUT WTR CO
CA5500064,0,1.0,CC,TP,1,CA5510002,TUD - PONDEROSA
CA5500074,0,4.0,CC,CC,7,CA5510006,MI WUK VILLAGE MUT WTR CO
CA5500104,0,4.0,CC,,,CA5510001,TUD - SONORA/JAMESTOWN WATER SYSTEM
CA5500120,0,3.0,CC,,,CA5510013,TUD - COLUMBIA WATER SYSTEM
CA5500125,0,4.0,CC,,,CA5510001,TUD - SONORA/JAMESTOWN WATER SYSTEM
CA5500193,0,4.0,CC,,,CA5510001,TUD - SONORA/JAMESTOWN WATER SYSTEM
CA5500194,0,3.0,CC,,,CA5510001,TUD - SONORA/JAMESTOWN WATER SYSTEM
CA5510012,0,29.0,CC,CC,9,CA5510006,MI WUK VILLAGE MUT WTR CO
CA5510013,0,12.0,CC,,,CA5510001,TUD - SONORA/JAMESTOWN WATER SYSTEM
CA5510023,0,1.0,CC,,,CA5510012,TUD - UPPER BASIN WATER SYSTEM
CA5510024,0,1.0,CC,,,CA5510001,TUD - SONORA/JAMESTOWN WATER SYSTEM
CA5510033,0,7.0,CC,,,CA5510028,TUD-APPLE VALLEY ESTATES
CA5601104,0,4.0,CC,,,CA5610024,CASITAS MUNICIPAL WATER DIST
CA5601110,0,1.0,CC,,,CA5610011,SANTA PAULA WATER SYSTEM
CA5601117,0,4.0,CC,,,CA5610024,CASITAS MUNICIPAL WATER DIST
CA5601119,0,4.0,CC,,,CA5610024,CASITAS MUNICIPAL WATER DIST
CA5601120,0,3.0,CC,,,CA5610024,CASITAS MUNICIPAL WATER DIST
CA5601122,0,5.0,CC,,,CA5610024,CASITAS MUNICIPAL WATER DIST
CA5601137,0,1.0,CC,,,CA5610024,CASITAS MUNICIPAL WATER DIST
CA5601201,0,2.0,CC,,,CA5610011,SANTA PAULA WATER SYSTEM
CA5602103,0,2.0,CC,,,CA5610046,UNITED WTR CONS DIST
CA5602115,0,2.0,CC,,,CA5610046,UNITED WTR CONS DIST
CA5602130,0,5.0,CC,,,CA5610050,CALLEGUAS MUNICIPAL WATER DIST
CA5602132,0,2.0,CC,,,CA5610018,VENTURA CWWD NO. 1 - MOORPARK
CA5602406,0,2.0,CC,,,CA5610046,UNITED WTR CONS DIST
CA5602408,0,2.0,CC,,,CA5610046,UNITED WTR CONS DIST
CA5603301,0,1.0,CC,,,CA5610050,CALLEGUAS MUNICIPAL WATER DIST
CA5610001,0,2.0,CC,,,CA5610046,UNITED WTR CONS DIST
CA5610003,0,1.0,CC,,,CA5610050,CALLEGUAS MUNICIPAL WATER DIST
CA5610005,0,15.0,CC,TP,4,CA5610024,CASITAS MUNICIPAL WATER DIST
CA5610007,0,24.0,CC,,,CA5610046,UNITED WTR CONS DIST
CA5610007,1,23.0,CC,,,CA5610050,CALLEGUAS MUNICIPAL WATER DIST
CA5610008,0,7.0,CC,,,CA5610050,CALLEGUAS MUNICIPAL WATER DIST
CA5610009,0,9.0,CC,,,CA5610046,UNITED WTR CONS DIST
CA5610009,1,10.0,CC,,,CA5610050,CALLEGUAS MUNICIPAL WATER DIST
CA5610009,2,11.0,CC,,,CA5610080,PORT HUENEME WATER AGENCY
CA5610014,0,8.0,CC,,,CA5610024,CASITAS MUNICIPAL WATER DIST
CA5610015,0,6.0,CC,,,CA5610050,CALLEGUAS MUNICIPAL WATER DIST
CA5610016,0,1.0,CC,,,CA5610050,CALLEGUAS MUNICIPAL WATER DIST
CA5610017,0,21.0,CC,,,CA5610024,CASITAS MUNICIPAL WATER DIST
CA5610018,0,10.0,CC,,,CA5610050,CALLEGUAS MUNICIPAL WATER DIST
CA5610019,0,11.0,CC,,,CA5610050,CALLEGUAS MUNICIPAL WATER DIST
CA5610020,0,1.0,CC,,,CA5610050,CALLEGUAS MUNICIPAL WATER DIST
CA5610022,0,7.0,CC,,,CA5610024,CASITAS MUNICIPAL WATER DIST
CA5610023,0,10.0,CC,,,CA5610050,CALLEGUAS MUNICIPAL WATER DIST
CA5610039,0,12.0,CC,CC,24.0,CA5610007,OXNARD WATER DEPT
CA5610039,1,11.0,CC,CC,11.0,CA5610009,PORT HUENEME WATER DEPT
CA5610039,2,6.0,CC,,,CA5610046,UNITED WTR CONS DIST
CA5610039,3,7.0,CC,,,CA5610050,CALLEGUAS MUNICIPAL WATER DIST
CA5610039,4,8.0,CC,,,CA5610080,PORT HUENEME WATER AGENCY
CA5610040,0,5.0,CC,,,CA5610050,CALLEGUAS MUNICIPAL WATER DIST
CA5610043,0,1.0,CC,,,CA5610050,CALLEGUAS MUNICIPAL WATER DIST
CA5610050,0,3.0,CC,,,CA1910087,METROPOLITAN WATER DIST. OF SO. CAL.
CA5610056,0,3.0,CC,,,CA5610046,UNITED WTR CONS DIST
CA5610058,0,6.0,CC,,,CA5610050,CALLEGUAS MUNICIPAL WATER DIST
CA5610059,0,3.0,CC,,,CA5610050,CALLEGUAS MUNICIPAL WATER DIST
CA5610063,0,18.0,CC,,,CA5610050,CALLEGUAS MUNICIPAL WATER DIST
CA5610069,0,1.0,CC,,,CA5610050,CALLEGUAS MUNICIPAL WATER DIST
CA5610080,0,2.0,CC,,,CA5610046,UNITED WTR CONS DIST
CA5610080,1,1.0,CC,,,CA5610050,CALLEGUAS MUNICIPAL WATER DIST
CA5610081,0,1.0,CC,,,CA5610050,CALLEGUAS MUNICIPAL WATER DIST
CA5610700,0,7.0,CC,,,CA5610046,UNITED WTR CONS DIST
CA5610700,1,8.0,CC,,,CA5610080,PORT HUENEME WATER AGENCY
CA5610701,0,4.0,CC,,,CA5610046,UNITED WTR CONS DIST
CA5610701,1,5.0,CC,,,CA5610080,PORT HUENEME WATER AGENCY
CA5710001,0,58.0,CC,CC,25,CA5710009,UC - DAVIS
CA5710006,0,54.0,CC,TP,2,CA5710012,WOODLAND-DAVIS CLEAN WATER AGENCY
CA5710009,0,25.0,CC,CC,58,CA5710001,CITY OF DAVIS
